-- FILL electro956_db DATABASE WITH TEST POSTS, USERS

-- CREATE USERS
-- USER 0
INSERT INTO `electro956_db`.`User`
(`userID`,
`firstName`,
`lastName`,
`email`,
`password`,
`userName`,
`bio`,
`spamCount`)
VALUES
('gZvTtlPtjGRqeMBaLji3HxoKB5EZCsNL',
'Sarah',
'Joane',
'test0@email.com',
 '21a1e954bbc3c9ce4c96b10174ab77c80f5aa8bc58f7628d684d41441aff8d46',
'test0@email.com',
'My name is Sarah I''m a UW CS student working on developing several projects. I love to make things from scratch and work with other people',
0);

INSERT INTO `electro956_db`.`UserMap`
(`userName`,
`userID`)
VALUES
('test0@email.com',
'gZvTtlPtjGRqeMBaLji3HxoKB5EZCsNL');

 INSERT INTO `electro956_db`.`UserLocation`
(`userID`,
`latitude`,
`longitude`)
VALUES
('gZvTtlPtjGRqeMBaLji3HxoKB5EZCsNL',
'43.05030959',
'-89.39385854');



-- USER 1
INSERT INTO `electro956_db`.`User`
(`userID`,
`firstName`,
`lastName`,
`email`,
`password`,
`userName`,
`bio`,
`spamCount`)
VALUES
('xRgkwBC9f0MXTgpb5nrNpRevaMYRlKpH',
'Cal',
'Limber',
'test1@email.com',
'909ecb75e1ca7d71ca941625e78201327e78058306db2df73805c1e4d69efde6',
'test1@email.com',
'I am a UW grad student who loves to read and write. I am also a huge Star Wars fan.',
0);

 INSERT INTO `electro956_db`.`UserLocation`
(`userID`,
`latitude`,
`longitude`)
VALUES
('xRgkwBC9f0MXTgpb5nrNpRevaMYRlKpH',
'43.06919427',
'-89.39890747');

INSERT INTO `electro956_db`.`UserMap`
(`userName`,
`userID`)
VALUES
('test1@email.com',
'xRgkwBC9f0MXTgpb5nrNpRevaMYRlKpH');

 

-- USER 2

INSERT INTO `electro956_db`.`User`
(`userID`,
`firstName`,
`lastName`,
`email`,
`password`,
`userName`,
`bio`,
`spamCount`)
VALUES
('DxqF7mjIvMGibrtFKBts7UZF8F0CpA6D',
'Zoe',
'Curry',
'test2@email.com',
'b96c4187b70824478b6ccbb5511fbd51efbec8c450d477cd529a6a7a62e74da4',
'test2@email.com',
'I am in my 20''s, live on the far east side of Madison, I love to do yoga, and work downtown. I am also an aspiring artist.',
0);

INSERT INTO `electro956_db`.`UserMap`
(`userName`,
`userID`)
VALUES
('test2@email.com',
'DxqF7mjIvMGibrtFKBts7UZF8F0CpA6D');

 INSERT INTO `electro956_db`.`UserLocation`
(`userID`,
`latitude`,
`longitude`)
VALUES
('DxqF7mjIvMGibrtFKBts7UZF8F0CpA6D',
'43.06696179',
'-89.41076753');


-- USER 3
INSERT INTO `electro956_db`.`User`
(`userID`,
`firstName`,
`lastName`,
`email`,
`password`,
`userName`,
`bio`,
`spamCount`)
VALUES
('zUYRqcXpX3E4nconvtaPwUMjKCxf18IL',
'Drew',
'Zackery',
'test3@email.com',
'277d1dfadf311955f64e2d301e0a156f4436937d1300c6eb29a9906de0ec4859',
'test3@email.com',
'My name is Drew, I own Burger Flip Supply House and I have been luncheon coordinator for the Downtown rotary for 12 years. I love to meet new people!',
0);

INSERT INTO `electro956_db`.`UserMap`
(`userName`,
`userID`)
VALUES
('test3@email.com',
'zUYRqcXpX3E4nconvtaPwUMjKCxf18IL');

 INSERT INTO `electro956_db`.`UserLocation`
(`userID`,
`latitude`,
`longitude`)
VALUES
('zUYRqcXpX3E4nconvtaPwUMjKCxf18IL',
'43.07130618',
'-89.40841638');


-- USER 4
INSERT INTO `electro956_db`.`User`
(`userID`,
`firstName`,
`lastName`,
`email`,
`password`,
`userName`,
`bio`,
`spamCount`)
VALUES
('OQk2wj5CelJhBAU7nZFhFFWQ4I3VkizR',
'Jim',
'Corey',
'test4@email.com',
'179fbbb19a795e377f288ba1681a51f0be43e309d935569ef5bfcabbb1a38608',
'test4@email.com',
'I am president of the Madison cross country ski-club. I enjoy bring outdoors and exploring the world around me. I am currently a student studying ecology',
0);

INSERT INTO `electro956_db`.`UserMap`
(`userName`,
`userID`)
VALUES
('test4@email.com',
'OQk2wj5CelJhBAU7nZFhFFWQ4I3VkizR');

 INSERT INTO `electro956_db`.`UserLocation`
(`userID`,
`latitude`,
`longitude`)
VALUES
('OQk2wj5CelJhBAU7nZFhFFWQ4I3VkizR',
'43.07502911',
'-89.40467293');


-- USER PHOTOS
INSERT INTO `electro956_db`.`UserImage`
(`userID`,
`userImageSmall`,
`userImageLarge`)
VALUES
('gZvTtlPtjGRqeMBaLji3HxoKB5EZCsNL', -- female
'data:image/png;base64,iVBORw0KGgoAAAANSUhEUgAAADIAAAAyCAYAAAAeP4ixAAAHfUlEQVR42u2aCVCUZRjHv9xdIM3KMs3dxWsyS1ObMUvMM29lF4/QDLzS8UQRFS9GJUMU8aDMKy9CkRUFD1JAYZfLxaO8QLzQaSamsemwJhVE2H/P+32sLN8egOy36dTO/Ge+/Y73eX77Ps/zPu8HHPf/5z/wmdKZUwx+hXtxqKfbO94qeV8mdszO+bbn3J56gH6tuZc0asUsrVqepVHJ75EgUjHpDF0P1Srd29Ijzz0VjvtynMxHrfhAo1IEeatkmysATDYAbOlXun9N75acx78KwUJFo5RnUtiU1tBxe8r2VnOqfwVCq3brSA4U1RGgUmp56rCW3MuuDSdKVjJudOSYVq2Af/vGiPAfCN2y6UhcOQc7543D5C7N7T1TrlHVC3FpzmjVMn8yXGbLIR9PNwQPfBfG3ZF4dD0XuP19FZVczcHKMX3twfyuUbq95TIQMnjM3ix8NXU4HuRnWgFYqjB5L4a3fN4OjGyTS2bFR8l5UnL/bMuJ2b3fxt+XDA4hmH4xJuHTdq/am5V72iZcUxeElXwQGXskdmB8p9dx+0RctRBMf/5wElPeb+kg+RVB0oMo5QvEhqd1bYWbx/fUCKJGIFTSXZEfBy0TO2x0H/xxLrXGEEwshwL7tHNUiv+StBRrG3MNydB5s8E14wah+Ep2rSCYygvPYqmPl6N1pYTy0EsyEG+1exsycpcZ83/nNT5Eagth1u7gCY5ATN5qmZ+EYaWYYDYWNdnniSGYbqXuw7iOTfmxxrzVCDM+bIORrRtYwmyQBII1djR4htnQkYj5dQJh+jFtP3K/XYeizEQ8vHoKuuUzLEHyfKmTlqBaKQKoxJZ/u/AzjO3QBClRIXUGEetywjaalfrYEjCa2TBR0kf25ji50yA60yaJ1o+i79Yu4g1Gjh+CxPAgp4PkRq9FiOYDlN08g0Or5vJ7l6HN5D2ct5qr3ToMa+5uOhf7JW8wZ2cEdgT5Ox2EhWvBkV38sZGg+LZHJf/CedWKSiGrJAlhgbyRRzdO45AEM3Ln1FGYbp3jj/ctnWZe5WOcV62oI2Ugs3tRL3VRzxsqvWZ0OohZ96hfm+bV2rzKr3YaSCjH1WObKNbdbp45CsUFOQD9cmU0MzaduXkWSE8BUo4BV6iVzzcKx/pU4ZqNZ9hYbDZY9dowWWvZDY9ydmsSZh58/oBOfMKH077iQX6WtWNRu4HRnwODFgD95wK9KST7zQOGLwXW7bS6/35eJj8WG9OydaH8+GmwilM7F0TJNWcDizdRMYsm8VWminOHjwIrooEkmomcPCDjIhBP7f2cr4GEw1XuZbOwi3aObLbFqztppSR7E61K5kuD37c0OKJVfb7asP7psYMsYbfHAkOCaTbmCBpIMxJFFanwnAXEWRymMqulH8T6lZEiWrLGkb36oUVqobC/rjQ8ksGsFsEw/UBhl0gzkHAIOJtR5VrpdSOORgTzz1rtNFXyxa55BVTROIrDbFvgGJSwQlBdVbqcwa/ew1t42NmPKCZJCjH4Dc69IuntvoA7ETkP5VezhfASQ9C58qtZOL0ttLrXQ5ckCyseQinbXt3LuNTVgSg2HsDD75NQdiUDphtGXmVXDPw5du301uXVgZi0Stk30uxFlDKNODfEGqZyg3FtKMry0lFyOgHFp+J5x3nRcUluAn/t0pa18FEpHMKwCqn15JTO34uoFbMcGf5Y7YEj7XvApKG1IycdpsIzKMvXo/R8MkovJNOxgc5RMTCcwKP+c3CwXTf4qj0cwdzRtPBoJcVe/SN7Rv08X0BmxwFA1xmCJq4QVnNxjlykQjByCX9Pedfp0Hfsx/8AdsY1OLWFF22sksSVKrBzG1zr9mklhFmLNgA3LMpxAbUqU8Ot7ivo6Yd5Xu0xzNPdEuIu9Vjdpdvq0urO3pwTgCn4ww7QBy/B/ejvgCU7gG4zqzrpRd+3VrwiYkDLNgrnxPcs3o6SPcnIXrQcIb06Y0SL5++wd2eSQcBgkCM2rXXRxpjwW+u+KWbGodMLik0D/MKsZ6XXbOAYgW4joO4B1tfHrxKerRjn4d4U3N2eUIS49IWI17dlNuvuePzJlxCf1g46wydkZBMp/7HjtrSDutu+c62d7RckAInPey8Gdh6HgzHLSdcQZ9hCPvjxYEdyGtYcIDa7EfbrV0KXXkAD3XfovFgrYqqGz8hlwFjKC99QYPDCyvM9qRuO1KFWYwu+5BHUKiSmveoYIi7Vk27OJZlqaUTQPgqTSZECzMQIIOYEJfh6YEYUhVcS4BMiXAveiicaXxDz7QISsprZhjh+3J1mIa4OBipDbP4WYO9J4bsZhB3vShZaeYu8eHKlH0JoaD0bs2F4r9ahVBNZgjhXxdCldbEBog+XwJiUIGD5IqpQ8W50Ie2ZA4nTZ1uXWp2+8NmbEf1txKQ2qATZZ2hMJ393+NDWo64Hqc7mfv3PiE+v/Ps89mQ1q7ashu1xPcgaWmuiUxyF1m+U8G/WHGTDAWBVrOtBwvcCUQdrAUJxRnU5wK5CdgRgfXyAw3vsadr6AAJ5smcjdQFYusvBPYbJ2G1w7X9LuOLzD/t+uXPgF/nNAAAAAElFTkSuQmCC',
'data:image/png;base64,iVBORw0KGgoAAAANSUhEUgAAAGQAAABkCAYAAABw4pVUAAASaElEQVR42u1dCXxM5xa/zIyiqPZRzEwkFK+oh6qlFKWtLZmJLWjsofa1dmpX+07sSvZFULJIIpkgJLbaaqe8rlqvrS7aJrL83zn3RmQZyZ0lMRP5fr/zM5O52/n+9+zn+whC8SgexaN4FI/iUTyKR2EOt/pCKbeawkv6V4Uquiqla7hoFD2JBui0yvl6rXI5E3/mv/FvfEx3R6Gac3Xh5XedhNJ0iRLFs2jhmCcIJbtphH/pHFRNXdSq0TqNysdFo7yq0yjTiJAPpes0iq91WsV+nbbkdDrvva5OpZ0Y2OKZNWM0aSKoXLSqZjq1Yj1N7k2iVBkg5EX/Iwn6nIF1rVqqHl+/eJbzUkkvkzrSvlBLr1E405vtotOqhujUyqNWACIn/UoUp3NQTmYVWDzzWUaHKsKLpPs76bWKjTz5eo3yPIFxl1TTf+n7PZmqyVx6QPc41KVaacfnHYcSDIQoBRrlEaI/SL8/knR+gU3+04gAV9zSqxX6Yc+pCivRtWppJ5qIT4n+eQYAGCWSzG/ZO3PTCmWeKzRctIKG1NFumoQkWwEjC1110Sq6PTde2CCKBUg9eBLjyTYIhqS+RCdC1eK5AMSVgzWyF9aeyD7/roixbf6dSYMbV4Nr9RfMvd4/JCUbOKAs0mB0ryRUoxjgikWTr1WhK0109xplscCtLcJXTcflfdvxv5Ph+PVsVCb9fOoQboR74bPJA+Be92Xo6TxT7kMOxg96B0WfImvkOdomVbCUmP3LLINLE+pe9xVM6/wmDiybLE467pyVRT/Ef45ZumYikCbeN0ZXvVT9Iplu0amF6vTWnTTHre35WjlM7dSYpGEGfjt3WDYQjyn9qzO4dcgHE9rXNxWQJFcH1Wh69rJFDhAK+voRg9+ZCkav2hWw2sMFtyN9kXbrlMlgPKZ/rsRj76LxZkim8mw3jVCnyEmJTq3YbqpnxUZ5tuvb+PH4QbOByEpnAzZgQINXTQUlhQz8R0XKlnShN4zetGOmvp2DGlbDxT2brQIG08WQLRjWzNEMZ6Lkl0Uq36VzULhSFHzDlEnoXeclRKyeYTUwmC7v345RrWqZ6eEpXIoOIBrlTHJ3f5fLPHtDnqN6IvnacasC8nVsEOZ2b2VeWkWtiCwymVzSwTvlMt7NsbRoxH8+GWFVMCwFhF8ovYOgLgp5q9rEUJgcprs7lcGWMb3xU0IoTeAZ2wKEjLtOrRpi/6kStbIlMZOQH8P93qgE35lDKeKOEOMGa4NhBUDSnDWqoKISf3yfl70Y07oOjm5bjCQr24yc9NOJUKwc1MWCtI3ijl2XfDldolcrp2YUnnIx2KPmi5jXo7Xo/RQkEI/pty8OY8vYPpYkMX/SVVe+Y7eAdK4lVCB3d9XT7MWiPu1x93BgoYDB9PflY/CePtSicq+LWjXYjgPCF+qQd7I/lwvpUAqTOzTEnSj/QgPjMYWumGZOkvExPeQqp/3aDwdlG6lhITtjbrXK48SuFYUOBtPxncvg0VhtFiCsel00igC7rZtTdNuLGPklJ2MLerZB6s2TzwSQ25F+mKVrbonaOu4mCAq7Q4NbN13UyiXGmIrdtOCZgCFmfa/Gw2uqh+hQmFtz76JRNbK/+KNqqXr08LHGmLJW9tZcuhPtj0/JoehRo2y2EvCEdvWx2P19LO3XER81c4Qr2brcz6/6Rq9RuNkVGNyx4aJVuBvLX/VvUBkpNxKfKSCi6jrki5CF40Q3eOfH/RGzcR6uh+7CH+dj8fDSERzeMBfDW9QwJiF/6dTKdXaVju+sEbT04BHGpGPie/WR8ozsR056RC/GnxcN+OvLo0Zd5GUkKcaat7ny6apVNbcLMLjln96gOVyM4jo4Jwu7UcyhzxB/dndtBZD8yGuah+gRihkF5oMoo1kimROmHaoIr9pB7UPVlP11t9fKYdVgZ3wTFyIyt2JgZwJFZVeABM4dJdoW7nC5Ge6Nb4mXZf07PI5jHpJLv7Crk1DRxku1Kj9+o8a3q4evovyeMDdnZGbvlL0AsmVsb1EqOCH595VjUrNEhDdGvl0zM7elUyu62qwb3LmqUJnjDn6DlvXvmC3WOO27FkPfckDv2hVE3W3rYCRfPyFKtVutckj0WpXZYMH9Xiz5WfqBV+nUQiXbjD0clB15HQe37ez4uF82Bv+4YMC0Tm+KOvjhpTibB+Te8QOY060VNozojt/Px2T+/c+LcfCePiSrkU/Ua0v9x0ZT7aoxXDfgxOG6YV2N6OSRopG8fnCXzQPy5b5toiRcPbCTVNXpzL8/OBstlpez1Nrvktf1tm0GgxrVxMeLa2a7tiTVlJCNyQdfRGNKx0aI8Zxn84B8EbABVz7fgdRbJ3NLTteW2dxg1gw2D8ioVrVxae/WXIyeD96E6PWz7cKoG+uAvEbS3f+NylkBSXWppuxgm4BoVUMfrwXkNh6fGUPx6HpCLsbuJ4TZJSDc/ej/yfDsgaJaec+5mrK1bRp1qX6euTiTe2lZF9vj5BuTDo5FBjdS5wTkjM0mG3kpmLiIMktVcM1QfUYXiX0Dwp7h3O7vGEulhDhXL13TdotSGoVXziYG9ri+O7KXDKTky6fdPi3mj0yqiXAnymVSfyH7gJXbgaVkn7b7AokG4OJx4ALRMXJPt/tJvzGFhUrnmNDFwolPzmPxM4rfbybifmIYZuqaGcv+ppGH9Ym+klDediP1qorOxtYOznBpKmZULwRvRvzOZVja9wOc8l6dyXi+FE+T/fFKoM04oMWoJ/TOGKDbDMB1uvQ5629M45cDp4/ITjZyRXHNED2ObluCi3u24ODyqWJC1FgqnheJ2nyLaedXhArigvz8OtuJweldmsivqweGAEOWAFO2ABM96fMKQD8TcGYgxkqT33a89L3nXPqdgJiwEfhgEhAZLstGcKqHFwSZUKwK0WuFWjYNCNcJdGrFh3LWEXIC0nNkT/x6RsZqqARSTZ8QECsC6fMV4Mpd4OhFwHAO2B8P7CEpOJggfY+/BATHAXMpAO0/H7iav2rkTMKaoTr5DRDkXem1imHDBDuoi/BiSZ1WsUMOY/3qV0Lw/DFiUSjPSbtFdsCLwOgzBxhAkrLAGwhPJHV0Hbj5nUSnrwH+scC83YD7QklifILzBYNtG6fae8ov66boNKrALtUEu9n9oQRvGMOrj+QsYRv8phrRG+Yg+dqJvCfvBjkFmwkI5ymSmmo/kVTSZKDjFIn487sTgFZkS1rT7yvI+F/LWzrYsYjxnJ+tnJs/GMpE7qjhRkD7KeMKgkLvoNBnrAtJlyMpvKKWg6981dfe/YAHSUAnAqDN2OwGviPZDHeSot0BwPW8weCgNXTFVLlgpEv7ryg8XasK9eyyD4iXIjirVR7ExG05bx+n57kjJdlIdJ+LvqRj/EgdLSH3dtoaiRZuAryDJK/q9pl8o24D3cvjTY1cybjPe6EI9j64ndRFrVwnd0+Tj5pWF7PCsiTFTPr5VAT2L54ovgBy16/r1cp9QlEZvABfrK7JXnlbHtsmuFt9BZWYRzsZju0T+6EvqUhTNhNw0agCigwgYkuQqH/lN6RxIxuXTr+ODbYKEFzx40wt7/7ABTTTG+RU3whFYWk0lzczlrSlmNMpOJOCx9TLsUi/bf4a9fRbJ/H7yYPwnvihJS2kKTp1yVF25VllHfzgvCZPXPBpxoYBmSmXjg3xT8IePPoiHGlXj9LknjIJiLSrx5B8Ngy/HN4Nr/G9LNzkRvVfdnftDgx2eV21QoOMzQLuWzIJIiAngkVKOrkPj85FIPXKEXGyn5aETL+VSMfEiccmJYaI51oHEGWquHWTtP+JPRlxQc1eiTU2KGOVlXzmYCYoIjCJe+lvoXh0IZLUWRxSSXJEumzAo/OR4m98zJNz9uDBEX/4TB1oja2g/uRNdOxHOuoLpfTqkmOstUHZLF0LpN9MQMqFqMy3PZNIlfHEP6EQcfKzHUPfUy5G48/zMfCbNcwagHAr6WHeTMc+pKOSUJ48qlBrgPGhw4vw6tQBOCbtAJR2PZ5sSVjG259z4nMDlUx2J/3GCVGNJRnCEdarN9y0ZSwHhff80io624eE1BRe4rKmpUwPcawIv7rNkNx6FDB9LXA+PtNGpF0jYM4fQvLpA0g6tf+JhJzcL/6N1RYfk1mYOkWR+4QVeNB0MPzrNsfA6hWg16gs2pfRVavo8twAMtzxX4j/T0c8aj5cylF1+BhYs1Oq/mX1okiVpV07JtoOtiXsUaXfTMxeIbxK3+duzMx3/d7MA5EN2mGUUyWzQeGkqc32YuUCpLJQjvdmNxeMMU6VkdiwC9JajMxe+eOKoC8FiTdNjEcYyLbZq4xJzYfheMNOGaCYvoEAOyycErILQN4VBKWrWtHbHDAW16qFq427I7X5iNyl2LdHAx/OBqJM2AOFq4wsXTmvRcTSd66RnqTxFVNB+ZEka4Rdub2uasGBDHu4nLQ755N6OJbB2tfr4/u3+iI9p2TkBGXEEuB4DKmlfBoiGDjXaU+/FhFL4Z0mvTGnUV30rPGinNwWZxvC7G7vLI7SyRNpm/G/GTy9hFujHCa2qIsQ9/74pcdUoOWYPCcwk2auA87lkQ02RAF950oAyrheWt+FCBs7HlNaNUCfWhXzqIco4222sVpOLUSvUQwkSfkq16aWTmUxvXVj+HsMwu2VW5HqFw0sC5AaFOQAwtXCdbuAW6eN196506T1WHnX4qrjUn+kBcTgh42+2Dd8BGa3awb32i/nBCROr1Y1tuvEIq8uIgM/KGPzgNTer1XA/PdbInTMONxdvUMCItAgkV+M1E3SdoK8ieTKIFcOs4Jx7hgwn67RTuY1uNTLXSx874znSPU7jO83+CBq4hQsd34PA16vnOSqVe6xy6XQxsaaru9W9HTTjw8aOuTbs/OW4Z6nX3YgstJnpPfdF8lXXT1mAidin7i3XG/vNEneuUzcKsT3NPIsDMzPW4NxY/mm1Ltrdux85B39lt1NPoAS2HpWhdDQsgiIc0Jg7Eii0DT/mHspvlEp6QGxxoHIShv2kWc0Wd6Eso3g2joHjUEh+RrxbKSfRWpvLxBgyP+ZAg1/E92nY48gKGYSQuJeF3kMDi6FefNsJx1PD6TAgePl4RunRWDcG/TAzkSLERhzRgaTT6dPKHZoPU7exLKtYAPO0iIXDG6eW+RDYMSa+4z/EF0gnjcgKFYn8R7lAN+ICoUvAbviKiI4ph69Ke8jyOBBErCIpYAe8BuiNIuAeEy+h4FBS+VNLvdeyQWCiduEJm0GvKNglWeViHiPi6B/lyEorh/8Y9vDn6SoIAGCf0wVmvjBdNMdBEQs/ftVxpuCAqFNB/L3uli1jc9Ii7Qjb8l5Rt6SxUZ8IMUxW0NRYM8daEihebpJwETTZ09S3YPgF+toVdVGN+hAIITRDX4sQEayk9iB6PWkbzcndaa4ZbEf4Pm59J3Bm0Wqbtx6cmWNR+dwJbuxOtgSVWUqpWXMWThplQ/Y5liuooJiBtIFr1lNHZlCuyOBkWtyTyw3U6/fJ4G2+YD0N5cZUizjHS2pJJaYrOe8T3Zj9mfSOYXNR6AhlegOSctoUvmlzQMjIuIFMtDj6EL3ngEDT4gnvNc88qgyAkLu690Wmv33rIBkOgY0+R2mZBh+UmNj1uGZ8iHRQ9HGmKq++AQEk2EKNJx55kz4U9C20FuacA+KG7YczA2YMUCYuOmaVVmfBcDOCFsABKL7HGhoaBoge49Vo5M2ESXZBBO7DgHLA3ODkR8gTMsDpNjGNsBgSicb5mOSPSEj3plOvGVDTOSt0vICxDbpHsUvbWQGe3HlyHbMzDBExYAUDLHm2SRTOijqDIwz2Alj9goI00Wy05r83Vx/8pclw1MMSMESZzZc83d1Aw3D7IgpewbkNzINs/OxH5Gv0IGrigEpFEoh8s0bEB9yd9klKwaksCictdLTAfE7WpsOOl8MSCFRgCGevNpaeXhYMXUoBrlk0U28oiiQiyz6gDCfuy3mMxH+hvp5pNgN9emg7yy6yXyvp5ZFixQg6/daIXNML39QTLs8jLqhicUP+tHK50NlbdwPLPShl++QJde5TlrJpeAAYVXV79PnA5DtYcD07cDavTYMyKe+zw8gO8OlWg3X5m0WEFZXXFJ9HgDhssDotVIvmU90AQHCbi/Xgs2lrrOjMWVztEXXMJU2H4gmQKLhPCOaACnce49bF43By6OxI9y88wMNn5Hr2zyvtp5SYkHeXGo/yRGTNjpadA1TaWO4I1qOdkSXWY5Y6Ve49x5NvLovkp7BnPMDotUITigjFI/iUTxMHP8HddtNhJ1+uFcAAAAASUVORK5CYII=');

INSERT INTO `electro956_db`.`UserImage`
(`userID`,
`userImageSmall`,
`userImageLarge`)
VALUES
('DxqF7mjIvMGibrtFKBts7UZF8F0CpA6D', -- female
'data:image/png;base64,iVBORw0KGgoAAAANSUhEUgAAADIAAAAyCAYAAAAeP4ixAAAH7UlEQVR42u1Ye2xTVRgvYpSItB2bqCBxPlCDEo1/qERY73ygiBkoEpXEECW8JzAVQZy4oOCUhwmCbERW2ruNvRlsUthgW8fWd9c9WLvutqsgQVQeGyJsXXs/v3O3jna77SrbHYuxyS/t7T3nfN/vfI/zfUck+v/zH/7kzBPdppBJY2lK/KVSJlYoKUk54ogiVpKmlEkT0mMipuCYkcOWgJySRisoSTIq/RsCQoBFGGhKOmfHTNHtw4iAaJSSkq5GnO2HQG94EPvTqbH3DQcrSFGZA91KwY2ApiSWm0om88XRd9MyifpGCfSCi5aJt6VNv/OuoQ1o6q47FTLxwUEi4Q+Vcsbdo4eEBIhEI+hY6UalTOIVgAgmAnHikBBRxoqfRYFuAUh0QSa5oIyRPCD4GYHCygQjcR2fC0oEXSoOhVQgrIOhcNas+yAn7v7e/7dgKi+WU9GjhEy3T9GxYx7lda1YaWBaxefsWRMh67XxvCTy5z4CZwp3gkP5NY6N6PkfD1VtxjRJBLG+sDFCSb/qrVTh25PBlbUFarYsBfO3i8GWuh6c6ZtB88U7kDs7OoDsARxr2bocrhh/BmgxgdtaiVaJ9l/vouKFyAlCx8hIrJca/UmkvxSFO7uLU8oH1mGA0wU7oHZ7PNR8txTqdySAg94EF9XZ4G5U4xhjwPjKtW/4E+nEhPKKoEQyYsSTUFCrPxHVwqngsWsDFPu3IO4VeNpLVwkb7LKI6Sio3V/oyV1rBkSCoLUqn4spvzhJFu4gbGy8zW2rTL+sO8Sq18zudqtIuFSZO2AiHScrIO/Nh7k1WzKS4fzx/XIAGCEMEcb0EAq9TASfL8uE9BcjoWDeYwMmQeBt1sHRpTGQOWMcdDSUk/8YsJuihCFyyvggCmjzZZqi957mstJgECHQbngX1GviuESBz81g00cKQ+Rc3WjMNkafYGvKOi7lDhYR257P4Y+Sfb7nQnStW4SLkxbjQhTSyVkF02in9cSgEXHjWqzTAJ22KnAoNsYLW/kyzO2u/Vv1HrsGLlRkccIHi4jPZQ2b3vfgST9L8OqXfikqidRIJDAbd6/tq1Az+nipCiAtE0CRBaDCE7yoCEC+H4DOBtBjMDsCD0SyMeWrZ2I5M4Gc/hfSYsZOFJ6IX62V/fpE+EtfFJhK92bD38k0sHIks+8IwHZMz9tyOHg2p8NfK7eDp6ioz4F4/RyRFg9JP5KUJLoFBeb5Dq/jK2dwft2zu4cOwrlZCVA77xPQLN4AmjXfQdWqTaD5IBHq5qyG87M/AVZb1jO+TVOI9dgDvl7ES66ShqzVxd17EgX/6atyzcmLwMvoupRzInILwBu3FtxTl0HHM0s4kN/sW+u7XK2bxFVLKRz+4DlQxEoysb7ajkRSh/zOC3v2D0mlinURjWTY2m3xwDL66y5jxfqr8CDALgXAj8qu3/br79vry6AM4wLXOE0uHeTU6HsyqTFRoqH+dHeLC8ltCn7b6BfGciW8p6m63+z0t0kFR5fEcD06LZMsu+n3WuQigrNOrHg+SQDEzay7Pga2WcNPwmkEr1UN6oSZ3YEtrtz7fNSYYXPbmESJbqUpSS5Rrn7LYmjX5kFnXQmwdrQOlhysQw9e2wnoMBfDNU0uHF9OESKX5JT4uWF390tPv+NeVK6mYfen4Lao4Fp1LiqdB+26A4gCjgAh6Gkog/KPX29XUNIFw/Yi+9N9H8XpjQUerqJtqgJ3jQra9UjEUIgWKsVk0JXZSkz555ZU7pg8LEkkVf/0RHx16i+uJnW/wV5nPQbLq1Is8VU/jB82BEiVera5cm6iNu3Xz7R7oZXpv+39vbkKPqxOZRO1cv0ZpmLqzSWAHSO4TM92Og1Fyppcz9Kq3ZBsUAIbRnFIxqxD0stwzsG6wmtepzGFa9wgZ+gOQ3DUjcPTez44zYdRqQ5zYwnEV6cAIbKvJvy293tjBjcHLQNME9cVtuHGZILL/Cqcqo8QsDvkepEcxCkES5S54tDBetxZohDB4bpDYRPJqMnrmbdZr4AOp8H3zs11iE5zCsqMGxApzm1ajC/jggrcJQfZeZ/y/sixFPQoQ9zEgNYJl0hJfXHAXPLMM86LuIIeYEY9vgHG8HjYnSPX0rpMP3bvTFBFfsOATdDs6VEGsxA02crCJmJE0r65BIm6NGjrP1G0IqllYd2w4MB13TsRctFsP2sQkDg5Yw+/Y2yylQfMJyjlt0pvXEMdp/UfyN03JaFwkdHAWu1PAUqsxKBtdYR/43jaXtmHyAad3D9WQsBcETLD4YBF4Shx4qSqjxKESNu/IPInU91nDYJG2/Fw5l9Gq0wJToSkv37PACPsNGb2UWAVEnGHtZtduIyk+YjQmM3CmM+irguCndAjcEBDf4tcxUqW5H4+i5B3AyVC0nmYG7I1yFWPTowvfw0+0cj1E3aeIL0R1yJZj28dYtkzGD9EVsg1XKYMfiKna8bjgN+DuhRWrgTH/PK/P4iViN+HS+QXu5p3HXKmmDA1e0kv0xKSzNEgaVc3CV9eDDbRg50duZfNsOTzKrAC029LU0XYRGqxAuZbh0BVX8Q1Ymyz9gaIuLTRaC4TdxPOA09tCYPmZlJNWQwK6wPcScZiLWWCze+N8oZi3nUIsi35DFqE8TSWB1/DaZIHCfackaSuIbfgvNAf47536gsiV+h38kJvOxYZdH4vFIRYR4HvusaFWA9jujeHfwAYd3vE0Civ5gAAAABJRU5ErkJggg==',
'data:image/png;base64,iVBORw0KGgoAAAANSUhEUgAAAGQAAABkCAYAAABw4pVUAAAS5klEQVR42u1cB3hUZbqO697VFclMKKK4q9y7xr2u7lUsuwLCzIQAgqKoFFdlVZQWetcFpCgsRbgC0kJImUmRdEjvPdPTQ3qhY5QaSvq33/fPTMgkM5OZZAIzw5zneZ/kzJw55/+/93z1Lw4O9sN+2A/7YT/sh40fgSP+8Hsh3+kFIc9pspDHnSnkc77z4XN24t9/4/ky+gzPXX35A/5gl5aZD3BweCBwmsODR8b2G4IkfIhCD0bUCvnc8/j3V8QVxC3EbfXf6+rP6hBnENlCvuM6JOd1IpLuZ5dqD44UvsNvPccM+KOIz52iJoEEDT0Gj9OIf2VI5GdCV6enNuL97VI28vDic4eJ+I4fowDjEQ29IkInHNN9BI4f+bgMfNIubUO+wdWJw/yCgBOIb/RN8xOhhXp8xlERz2k0mTK79HVoBRKxFYVUhWjtYzK0zRjPcWYgf/CjdhbUTttrjNNffXicKBTQtbtChDYpRP5pH4GT296JDg/ZyUCTgQKpQbTcdTK0cV0k4MyhYGLjRoff3H/+YprD77wFnLH4hv58j4noiCaRgLsZc5ipGFQ8c/gVh/+6T/zFsIdVSR2nDIXQZkGEaNAs4nHShALHCTZvxijJw86Ow07n3DXn3XPIhAKnSSm2nLOwkgefE0tvoYWToYFEOGbgczZJhufoRwdjpvyjuswBVoIWHwHH3+bIIAeJnZtnZWR0jMCm21QdDBO/l7Bjv1ghGaAOPCSi0YOesJ1yOY/jZ6VkaBLISz58p4U2QYiPgPsuqx1ZNyGtPjzH4178wY9bNRkB4wYNZVGV5Ye4xpBShrnJJOvWDj5nrtp3NLPcw7oJaURCvrHasRSq4JKaIym53gKnt7Azuy1JwCKBEyS4CSBl2UTwH/+YoWsxMuR+iwltnJDv6GW14ygiPpePHVkqHP/oY9QJS4qyfF0HQtw8HpyPdIfL6YEQ+emr+DlX3/UN+N2Ko6MG9Re5cF72H9tviHXmHpOHPkJ1K5Vjd3QzWlhjB3R7jZ/rIAh+708QMXM44mUImDjUaDICJz8NWWunwdXMEIBqBYNy+xzwGzdIv0PncyNsZtiX3izsmNwYYf006UmQffsZE1jMFyMgdOqfGSL/+QrEzR0DqSveBsmmmVB0YBWUeqwDxbYvIWHBWDg2+alu733s7T+ieZoE5d6boKEguZ0MwqXUY/i9gXvwuMV+LtynbSPs5XEFxkxS8J8wBHJ2zoeG/CS4lRsPl1IC4HyUO8MviSK4gqalXhYJNxTRcCr4ByRtOoRNfw5ELgMMatuJj19kJNYG7oJ6aQS0Vcq0yCC0VkgZsQbad8ZH0P9dW8lD9tJYQ3eE0NtPAussrI5oLsmEEvd/QeIiVwh8Z1gXMxY24y8Q8+VIyPjqfSj8cQVcjPWEa9lhTCN0EdERRftXGWrfVaGAs9o2zBWPI+2OjKAp/wPV/tsBquQGhQbVcmgpy0ZiMqCpOB0ai9Pa0UQ4mcFIo2taKyRG3O8OrmaFsshLb/mEx/Gz+tFENCcjsTMVhsNPLiQvfZOZImOF1xdoKc2C8A+fN/TixB7FRNfKE0OnT7AjFwwRQhFS4b4V95QM5kfKJZC1bobB+VxWPzYi4nNWqqd26u1o+IznoS7e554TQj6m7Og3hjQkj+ZxWbmGcDcaKiySuUpc6ArNaC7uNSGEujhvFhzoaW8BRYxWSwZUKl+5khGcfik1oLXabztEffpa1wRv3GAo3LvcIsggXBOHs0itYxupvPJrki9UirYWJC5/yzoJgVrFE1Cl8MJOtjJzUCWD65ITkLR4fKdEcCjUJQgthpCbObGQvORNrTYW/LAE1H24AZWSlQCBD1ofITUyHnaiXCuHKM1kzpvMlKazlNhZChmExqJUkG+ZdcekujihdvjfuaZKEQq10v+2PkKqlZOxA1c7d/hM6D6tMkf2+hkWRUhLuZglnu0vDJqvxsKUDtcoUxH/Z32EVCnewg5c6tzhK+lBED+P197hKtFWiyKEcDpkD/ipy/E5O+axJNP6CanOGYMdKNOVfFEnqf7kN+4xVpuyNEIuRLlD8PvPsGryz3FenbP9QHzZnrJCDcl1xsZH6urw2fD9LCOOnvU6K3NYGiFU1Iz+/O8g3TwTGgqSOn+/C85kW996Eigu/h3UKDdgB5q7aAmaAPGGjyF31wLMjsUWR8i1rFCQffcZasoR7e+q5LVQIZ9qvXlItXI0qrcSO9PWudM/x3rB5bRjLBy2NEIo0qIQvaVDskrl+Xp5VGqVz9ZnrZcQVG0k5Gvs0GVLE7ppkLNKsHjDR1E0HG3VpRM4k/fkxXhhJL5hLdrjGhnQVim1CkIai9KIjFa/cYOENjGMG/nJS//K2+V2+7r0hMpGZ4eBfOssNrmA3j5LJuPXZH9IXz0F/CY8ftOHx9liEyOGvoL+o/wnDLkWOvVZjK5egJAPnmVxvmLbbItz6lTxPXf8IIuyqK3B7z2jmXRxwZvn9A8HWzmwQ4VdqqcCLsb53t0LqgIdfz6GxydQw9bvA5i58Q7m/xvgG/zMF7XN3Rdg1W6Azzff+X4lnnsHAIiTAUol3T7rhjwakpdM0Fl6t6l17T68/qt0lbQT3Fw6lSZ0DBylJEDrdk+Aud8DzNqhjc+2AUxHwU/dYBBt83ZAq18QwEmxQe0oObKOVaA7L3FDeDjY0nFU0P/PuhZ4kukqPriGhZV660vB4XBlkztc8AiDKwkSaCquAThdp0L1eQBZCUB2sQ4UwY2gJLi42w/OL9oJN7cchLacdIMJYcgHzrrmZd2kZXg2RYgX3+FhHz53n74Rw7PHD+jXEnka1Lt9B+cmLYXcmV+DZPk2UKJwiw8FQIlXCJT7R8C5FAmcik5j54S83Z4g37gXsmevh+J3l8GFcQuh6YgIoFx33kNTj1JXTtY3MBUvHD+kn00RQquPvNG50yL9LqOG6DSTFo2DKxnB+kmJioS2KV/B1Ve/gFMvfQLyv06F5OHTIPSlKRD08hQIH/MxhI6cAcdefAcihr8PSS+8BznPT4Vzw/8JN1+fC21L0LxJU/VWePP3LIGAN5/QRcYtqx4lNBhtTRzgyLbP0LEU2td1EJvMRhPk9Dr26EiAt1dB2+tu0PT3eXD7b3Og/rXZcP21L7VwAz+j75rxmraRC9DXfAuQnqh3ShBVnEPed1avAeEksX23aB4WtsuHz9lmc9qhNemBfAmfG6Fr5wYay8793o2ZD72aokxXRVVvrQIQLAEYgQJHgrRAJNB3k9cA7PXWG12R36oJ2MmmqmrGzEn4tPGZiM8VIRmJ3i6cPznY+kF7YGFny9WTzxqFPG6WevMxFuFQ0ZHqSXpJIT+QmgCwzwtg6U6VBmjC3C/w/+Xfq76T6r8HTaK7EO0BsbPf0DjuayL+gDepfZSN4/k0cuS0rt7mCVFPvl6rnh5U4DXG0RkJCtVoDc1Cz/9hiWFSOiIXcxRxigr5RpTz0XSdjzgEsXPe6JATcdw77ghE6yLvq81o1EvdDvoIOJ70FvrwHCfieWn75IeJQyFv10K4nZdg9my89tguNpu+Q1hbRQHHfb/9H2W+Ipf+I+l/vzc4TkK+4/93XMdOSxOy13/IpuaYa7y81GM9m1jRccMZmjtGWutgP1R7n2jCYlqd1HliNkVf6avfhXrxcZMmTnfJwtFnVHpvUiV+Aq7W9FB6rp0JvSUWx0Xq3UbbhRb35QioO/EjNOfHM8GaUiGmEn8rzY6XHYf8HXPQFGrlGhe8edzP7VI3cBx2deLQ3iIdl1EzQsL3wu2sQGiUR0BLcSq0UZXYgMYwIkozoCk3Bm5nB7PfdiKkgfZc9JjgOMAu9e60ZAx3OAqsRENI/JxRTENIqAwo4EZFJLQUJkJrSTqSk800p61CjCRkImEpSEQsNEhCtH5TsGs+CxYo3MaoTiwScF+0S9tYUgSOH2mKkQnzBXA5yRe148QdATMhB0GDNIxpDRHUqMC/snBoEIdoXdcgCYXmggQo3r+SBQpUvsGEb7xdyqaYrslDH/EWcOYQKdGLXOFSdhgzU+RHGsTB2sQYAJFFpgsqZVDksQ5+eufps5SY3hcJn7kPKmPsWjR6qch/w/WLpeqyeZWMmaWmnCi1JgR1IiGIaQ45ceZrOqwrLMqPgb3h24Ur/FcMskvX5PIwPLAg68en52Ue9PLNCYbrlV0HlkhjWgqTkJxoZqrIpJEGEWG6HP6limzYJhPC3MxDOxZF733ILmQTjkXpewfPy9i/Z0Hmoca4gkhoNdNkiIOKAJifebB5fuaBT1fG7exnl7QRh7QkceDq7CM7UDsaV2V7gKQozmxlk7C8cFiUdRjw3qdRU2ZsTNlo35TfoKWqznnRPyf06JIs99soNNgs8YaSkmSzESIujoVl2e5ESMuSrMOF3srgBVCmsPuULkTQLMca+YeFJUlZmyTejUQGYY/cH+rKzbf+sLosDUjr6N5umYfadspEdWUlyf5Qkfc8oN+6z/02PMCIqFW8DFXKgIvlmfV75H6t89VkELyUQdBkxvm/5IvWij3b748+CgJyQ5qvVorPQrVsMxQXPwopKb+9z4gIfBBKpAOhWv43jIY8UFA3b1RKwD83BNyyDrULayH+H5wXZvby+3507PM6kE7PySqKgZYqOU0KL4Rq5WyoVD7DyLFlrVEtUVD8L3Z4OlQpDmLnz9PM+GYMUcXouNeoTYkGK7OPQGqh+Xd3CMoN03oOYa34KDNn6msa2Kx9Wk5RqXSBGtnjtkXEWdSGGuUE7OQm7Gws4peOAjpfngHfy0Q6hOQJ+ScTzU5IRmFMl2cRDqDm3K7qMj+MFq56Y/vnMI1GrbFG3/AbeqvQL7yNGrEViQjDTpUgmrrMLEf/EECmKvNQFwFtlnrD6bJ0sxNSXJKkk5DFGA6nFEbp+k2bakmFXI7aLYRKxWKolL9A/bRsIqqkz6JPmIWN90HkI06Tf9C1YEeDstIUWJrlrlNAW6U+LLs2NyGX8Z66nkf4Dp9JGmvg9y3qxaz0gsUjOeugNmfEPdUcikKYw6tVPoeRySfYMHf1As9riFu6lrHp3PsKfccWqVCvcHbLfaGtD2a4N6NW6tJIlYM/DH45IdBgXGTXxvxNtaIecQo1KAYtwjdwSj4KrQIHKioe6tOggJkiTKLQHM1Qm6GeD6kiktA8LMzSLRgSmJcysG/WomPoSzUtfS/COokn5J5M6M3L0IrEFLHVY6dy/kLE9A0ZdPNqxR5d689Nxc+Y7G1B86BPKERUYF5onxHyg9xP77PpZRCxgqakt89qxmAgC4n5CM4rHjFvAkfmCZM3tUnqXXKGpiq6IEJTwtDrYOMKIvpmXywkhASu79kaLSk8mWQuk1nDfKu59kiBmlwuMr3bHGQQzpVlwC6ZL8w3IBBy9OKi2D4jhCI7Q4RQ2+ia+t5riQa1UJXzqpm0Q/qern1Leop0zANWYNJnSCDLkBBFcXzfLFtDUMJp6PmE1WIPqCxNNWNgoTzea9MFNSkP482kZtsgDH3HgU6lC10gwk71QQ6iISS7OLbbNhBC88LMWUu7Sqarl+Vw+TvmFEQeRi/05nUnCCqbnLYAQr4SH2V5i5meTTlMOFzM79eLZI85crM06FallBULjRFEXxNCYa0x7SCY2ZeVU32sp2MUA/AGFeZqzMXyTDbgdK8JYVsw4b2NJYRCZDM++wpiRc8IqVW64I/rzPVWUqFQXyLYGTSI9GtF322Mea48w2hClmN4/ov52kJm60iPnDsmNGvUZYFeN4QcY2BuqNFCWIN+pqUPd3kwhRAqp1BkaLbn1yiiMJUY1hOHfhhv0Ggu/7Fe4mm0EFajhtzqw71QTCGEchIa1Goz1wtCYy2V8lGml0qommkuAZQZL4C74UNMIYSwCX2f2UxojaKShiZMI6QiZzD+OMNsg0JFMRZFCJX9TWnP1xj+FppvsOwc1ChnmOg/JM6qAZmeb+KiWsuhOu+udmSpecgdx34EkjWDV1Vy7FuvzGk9jUDeXULKVUsDNOffSr2tmhCqAPvlBrcT0lqc2qsVXYiVJhIid9W1q6hxTgsbXJKhmnWuHqZd2U3tSldxUd6HtSwaqjWlPYSDip/ax9ybCxLvOiGTmPPp4Xo+mgTdpt4Li2pShkrt+gjJ6tNqb6jJhOzGBLFO7dibcuPYQiHrIASJaMqJafchRSVJsCTLNEJo/m1k/ok+I8RTGWgyITSgRtVflYYkQEtRsnUQQuaKVjRp9lSkN32xaoKz0ViAGT0tQ7gXQ7iGQl/NPGO2bE4ZfTcJkb0GNXJPNnBvItC+xjQqo9rPM4tiYhZnHo6Zn3nAJByQB8T05PndoaVaFrNWfNTk9tBvcorjVPcoSolpkIb3vB1V8g9MI+Rifj+oEQ9j0ZaJaMiNR0S0n6edjHdenHbIea6J2CHxc+7J87ttH2JuD9qzSnLIWYJ9Yfc5mebcIAnueTtOFTjZp9hb2fEfV7sI2iLm9YkAAAAASUVORK5CYII=');

INSERT INTO `electro956_db`.`UserImage`
(`userID`,
`userImageSmall`,
`userImageLarge`)
VALUES
('OQk2wj5CelJhBAU7nZFhFFWQ4I3VkizR', -- male
'data:image/png;base64,iVBORw0KGgoAAAANSUhEUgAAADIAAAAyCAYAAAAeP4ixAAAGMElEQVR42u2Ye0xTdxTHr45WfMzH3JItWbLFmG1Oihr/UNxmls1l87U0M24652RMpwPaOrPI4jAUZJuSTOemuKeJiWaKqIiosFFQsbx6C20BEQHLHCrKQ4UptNh+d36tpYVKX5TSJfsl39zbe38953zu+Z3zay/H/T96D3DcsKRpwqmJ4QJZgkjws1wkzJKLBIoEUUiGPEywO1EkiEkIE4bLOW54UAKwwBLDhUsoaJ5kIqE/EaCZjrVyUUi8fCr3WPBATObGUlCH3QE8VGGCZnl4yKYtYcIpQwsxkxtFT/ic1wDOWTLSMW1IMsTqISFM8N1AIXpLeCrgIAnTRjxHzjv9C8IUMi+wICJhkrdBbp01Ackzx7heZmGC1IBBpC3lHiGnyr5BfDNrPNJjFiA7fiW2zBjZc33Ha0/j7NYY8Klf9rpOnQ7bIib2bQAFzH5AQL5+gZtIS+CqYwD7I+eiVZkBXOah/nEzjkoWQ5G0BrXpu2CsPm+53pR3EJkbluBI7EIoElejMXsfbhWfwA9vTnKEqZY/y4UGBCR5SugzjvXBsmAL1hcxWIdMXdwewY0MTH28OGKyDSJ10fPorDjjMwSTqa4E+1e9YgMpkr/KhQQcpP5o6oAgbNLuTbaBpAVm/wCG86mbFiZNCzX8umQ6UK/yC0g7fxpJ00Nx8OPXdzMfgw9Sr17Uoc4xpsx5HPyeeL9AMLEaY0VvrivtRoNq/uCD6FUbDRcKsGfxFLScP+Y3EFNtMTLWi22fJQHIiGoBOTKdjFsGs5+WlQ2k7KcE62fyMfgg1/hR5Oz8zbOH/QbBZK4vxV2Ngs5Vhfi7MDDtFw38U+QwhWXGjzDd0POpzHZgf/1aM1PvFFBdqa8gTdDnh3KBHtQih9ETPOAYzP3KPHTrcn0DqeePDd1/dL1qmT0YFcyXimBUZ8GoyYa5tshLEFXU0IE0aUdTEM29ipaWlrHsFLqKjhDUSdyvOmOFct3hrgW8Nh6yQb5Dgfzj1E5rlDCWZ6OrJANdxUctRwN/gpZfviV7DnPvEuTy4HgNpOfFFNDNfpYMZamEslJsyVaf+22kpazeguedVoNqBhWs2ovirmLfCc4XdPry8eYaZZbLemAZqlHm4i/dhKB+29ilPLTNoMqEqfpc7wKnc1N1Adi9e8pD3wf9a1PaR7ax4u5UpsFQmoFuTQ7pDzo/brnG7t3XKYIXhAr2CVIc2hor2O+m7gqFNfjCdIsM1LXYNUvBt1yporlfkZ4MHoCmnNEU0EbSFViGGbh1HdCrrZsk61Yk6xJTMwiaYsaD0USSo40fN3QA2s9HQyN7D7oNPO5U9kTWM+7cJJgye40wMAZo7jO1oxaojNNAK/sQVdFjAgdQLBkLjXQdtJJKaKWw6MJmoOuGEws6WoCGcitEe7PzfeMdoDoJPXa00hropDHgPxk3iK01MpScfETOLpLMDs6tqtsJmDqdg20mwMYG5+tmE2VqD5zsWHUJOtkaAhrlxyKWDyejcykDhf04tetqurVGbON6K7BuO/B+Mt1zzAjNaToNN/bYw+Khk8xjMQy8DrSyFDLY5RaCSbceaCu1xmpoB9ZSY5odbVWUHOi8bb3XTk1LtwEe2dRKuymGnT7XD6VVQFk4/tBl5EqV1MA6aoDab4F9EuAlgogg/Ubnl1KsEKymvLFpeUiyLJ+WGqV0BRkwee3Qlhl2LCLNj7bCaGz3ZfDJJnugVDc+LCtpsY8O7VKQXn6wtHIlGLA9rbQMVXKhF9n4bJIfnAKHJfYaOeAXEAN1zpneZEPmF5BdsXaQ7bHwi02N7AvP261WmukXp/EOIHF+AtHKFJ6BUJujLzS6MnaveK1nTtfE2EEiYxwKvn91lqyDqdzlMmzFxY2PelAfsSJXjrrVMbh9Lso9RDlJ7ADyNp3z7kFunY2y+HC5r1RI53hSH6tdObpbtBYteZHuQQpIb0TbQVj3KnIP0py3ypOMy9yDaKR73T2xG3+udA9y8sFmONtBmRKPQFrz3T6o393Uh1xIk8pdGbmWs8IzkH2S3hBMv3gG0nhqubt5lz0BeYt2ZnF/unLiXfGN3A/EruZYlBorRsSnvbUj1u33WvIjxXry4W4e9//4D4x/AVo/uxsWJqdBAAAAAElFTkSuQmCC',
'data:image/png;base64,iVBORw0KGgoAAAANSUhEUgAAAGQAAABkCAYAAABw4pVUAAAORklEQVR42u2dCVxU1R7Hp5zBtGyxXvaW3pblS4dRs5fSszR7rZYtRrZYvdZnwAyQubXIoFaapi99ZqWmVGi5AYqiaCKyzwIzDPsAI+4GuAACwyz//udclgFmYORehuvMPZ/P7zN2m3vvOed7/+udUiQShjCEcRkP5SjR9Qtl/YcpR4rHR0r7TY6Q+b0QKRN/2KIIqUSBx56LHCl+JGKk5J6F0v63KUeIrhF2jsOxJVDUb4G/ZIxSJv5A6e+3R+kv0eHnqQh/SSP+GVyoDnUUpVH6i+MipeKIBf7igOUBogHCjvZwLBzV/3byxOOmqnDzm/DT1gWA7kTOtShlkiN4reXKUeKJaDmDhV12Y5CnOELqNx03UNsMArgUXtOOOo1WloBu7kHlRJFY2HUXY8FIyWjcqPhu3BGXqkclEjBLhokGCQQcRoRMMo64Jw+B6Gg1aDHiGBqnRvgN93kYkf5+T+HGGIk76QsgDrKizqGiibX6ZvCW+t2JG2DqYxDOpCfps0/BWCQdcCvx4TyEwbgyqaQkcoT4AZ+A8c0YkQSD6azmwAq8lUxy0HfqDH9JOa9hNNcwkTK/qd7fBpGK378MYDRnYeJYr27BLJWJrkZXkHO5AEEVYzy523utQyaepJRKKnt7IxeOHgBrp46ClQ//jW2dUhPh7/eSV8IAkegKplEoMbu7IQtGDYBl9w2B1Y/fAf9/bCjd6K6+v3T8zRD9+gQo3LwcVKvm0n9mC5d0k72yzUJ8MS7wR3c3Yh0+4WnL34PymDVQnRYL6q8+hMXjBjsHcd/NEBv2NJTuWA3mgsNQm50Ia5+VdW1FCJvcY/HYG7qby0qv7BYvGn3VX3Bxyd2BWPXI3yHti3Co1e4De6kKoFwDJVtWUvfz2djrEcoNsOz+W2D15Dtg0xsTKahzmbugqTCVfpeowXAIds6cCl9M+D18ds91jPBceh5aW/ys56EMQdfl7Ifsb5X0eBdua5NyqOha7+tZSf1kuMDCrmAQv398bxTYmkG0qEaTAAXRS8Gw8TP6eWTnt9QKOn7PUeb8w1Cxax09hyjv+8VgivsWarR7232vqTANkj6Z0cVD4rfHK1v2pImIAfKk01gxsj/89NaDUJWyw+UG96aIda0PHO1bQCKl4odctdfXPTe6z2C0qHDTF86TAJl4O3mF7IWd3X6POYNB/PexhI19CqPFxZHEAKvz9nOUSlYrx4gG+gSQT/95LaSvmAnWksw+B0JUsGkZTRo6uKwlK4eK+vsEkB9eHU8zHT7AIGrMO0SzsHb9LKlETmoonwBStuMr3sBoUeL81xznWK0c6fesd74dJD8scGi5rw+8C2zGLN4BKdm6qt17EfI7L+9qmZzUDIRy9XP6DYvWYHF2gVbJdw2kBRnfYBCRInNJwI0UyN6PXqmoTo15E46le0elDrClH5i07+BCq0/s+x5WPPAnutCvpwyHX5O38RJIHW27jKTztBSl2fHYeSjXTvcOIMfSB4NJs5sstBIBEBAkrdz1fiBYitN5CaTBkAQ/v/Nvmm05HM/0DiBHs/+AiymkriArHja8eA98cvcg0Kz5iJcwWqr2+NnTaLHqcNzoHUBMqltwMdlMSpkM24Iep4XgqV828xdIURrsmfcS7P1wujcCybke/e82sih7mQpTyv/QLq21JIPXQBIQBmlIOhxP9J6gXq4NxgU1kIXp1y+E3egO+AqjBUjGiplwMvFHx+Ny70l7K7KHQ5lGSwP74W28jh9ElqJ0qIhfD/X6gy3HisGouc27apEy9VQmfSTvNvbyGkgHncG0fRqxdO8CQlxXmfoN+rSVa2p5DoHUHhfRqo+DSf0iKWxF3jpokDepn2qJKTzVeRr3ijU3iXxhNNcmBTwGchRMGX8V+cqAotRB+AR+787m2I0ZKE+/K1Eni3xpAMCVCGRWs692tSlgyT0ATdl7wF6c5lkgZZrFIl8bGEcm4uIrXG2KNe8gmDW7wKzeCbbCFE8CsWBWNc73gJQbhuDiU50/oSoEkkQtgwBpzNwBVsPB1t9o9bIMJMaJfHGASfOpa7ehpp/EOhqzYqAhbQs0qmKp5fRuTNGu8pp3Hz2q4Ms1tm4CLAMFrYRAaUjfCmZVHFh0iWhB6a3gOFIllGmfxRh3hchXB25CrHvZViZC2NcGphlOY1YsPW4tSAZbUSpjPWU9dW3aOKjIvUHkywOOqO6lftut7EdNN70pJwEaM7a1gWmBg7CI9dBkQBtPMzSLPpFxc93Hn2o4orlLJAyEUqr+F26I/tJSUwz8+YcoHAKAxBcCpDFjOyO0HLN6F+Pauo45JPUuApPqUYGEIxQjTYOLe+Jq7KVZYC/JABtmZcSCqOsqSafH3TgfU2/1Q5CUJPxvNjq7L+2duEFbPVRvNGEBeBDlL+x8l0E+k9QnUXTDerca3wBlObf7dEblNhTyO662Vj3XbfWjYFLPFkD05P1Jefb9uIFJKCtHRZ8Kg/cEyM/3E3a4h8OStSvAqttvZFOd0xomdz806hOGCTvKctSnbB6LdYaR9LSs+UmXVpmXMVU+qU1onZK+ZaiwoxwBaSkAzaqdtP7oymJIumvLT6aNSQKi5VwBCAejSb97bGPmdmPHqpxsNnFDpOagrRIUqUPIMVIQOoKgMDJjoFEbJwDhoCM8FkqzjJacve37WA5w2qnDvydVO+l1UYsq1QpA2GVaEADnT8/F7KjMsY/lbOOdgSK9LFvh4ba4c6HqVbzmFNTVwu66D+Ea1KOoOFQN2CxmqKqwgSm7NVCTtojVcIB5eZUV09a/Is1F4sr0++h3WkGYtABnygCv1YDXJEpBTUbdKNQjrkH0Q41HbURVg+OwWQHOngA4ktM+gJeq6MYTKyDZFIkhTlvvv5oAkGuHUYOKQT2JkggEWkEor4SzaVLc9M24MXUoOzgbdhtuYSVAhd79tJdYVeUR5lznw87c074PanTjBRhFsweBLjQcCiIyoa7UAt0OOwOlo6W4glF9jLip7i9bfxyt7cti0CnkkB90i29BSFKKITfkHwhiLugVRSgzCqBkCYC5yg0mCKXuLMBRg2sYFTqA2irmu92NpvN4ztcA+lBonssRlBIMYXeCUd7fu2HoQ4dBrmIB6OV5FIKjcsNwk39AX18LbllK/QW0FJ0TGHr3YZBxaidz7/bzsaFKUP8jc/YuCPiUgU4+Gi1iGS6wCmXpBKMVSjjA6T0uw0hnV4NQjheQpmEbjIYa92DYSaKAtUneXHA5HwImV3ES574BP8egdV91ecPICxqKfnkJLqy0+amDbmV4H5/wInB7mOsBThYDHMsDuHje/fMuYrAvWghuzYmRCa1lBejCR1xeELYE9gND0K3UDzP+2HIJi4bWeHKxwj1LIdagR4BJWFqYm9yDYb2I91gKlzwvvcKKqsSH7GPQBd9B1spvGOnhA9C0X8cJp/VgsQ7CAGv6htm4roYNYWTkA0ydj/X3BwDR+7uHYcN65MQOYDc/Yu2huaALmQGaOdfxD0S+0g+ywwJwkntwsnUoO8sFM4GWBFy7i7S1CY9HHwB4Yh5AQDDAuCCACQhy417Mwhpcx43KJHSLs4H1/BhdxDX/AobQh3iTkVEYOvl8zJyOcrTINuXhxp1VdXZdZoTx00Gs6+UMCEdNeg9gTRwGd3NnIHVlAAUfAefz1CvOoeaBfsbNfRsrMMDhRLa11hK9oaJFuJHG9hV7NWZTyvmdYRDdi5qFicEpDWMRrRCxoDQug16bp17RgDoAOWGjSPfB80BoKqvQuZ09sZFxeVs8OYcbXfAxQCoefya4M5BAPLYbLScfY8rZLMblWeuwxvnRWb3RCyI1lvw+z8LQzLwJb57S+4tzCPIntgJUpbZ3Od/hxk/qYB3r8JiuxeXNwZQ4BmubBIwbMz00Vxo/U0g3wkMw3pEw/pKaKHhMpGjMfa/9sSTUaw5WQuC4OteTcyXpcU7YUs8AyVHcjjfM8vACnSsRrWGaA5AAlJYH82JUC9ny33mgHxXyZnOB1PeLjkEgD3eIITvlfAGClimf4wEg8sO8WXC0nIkbjkDW8QiIXpGMNcqQXsysZvyRR4sF+NJJHfJpCJ+AnIZcxeO9CEQh5xWQeSGdgSiC+QTESvtemAj1RnY1EG8QyysgbzipQ0jWlcWjOeYq9kFh8I3cAzGEyvDi+bwC8oQTIM/jsQMKPlnJOZKZ9oK7Cp2GBdp53ixUrXDeOpmMQLbzKrCTbOtl7huIesUiNl1cu47jTUqQOwfyIGojt/diPfcc+VqOgYQPhtzQeDaTqkl9i1sg38ldNxdXcptp1aa9DdZsFtckPT8uX/9Cfuifm9/+9fAJU8DpxOncAvkkxDkQovkhnFbslb+8Bk2aIDbXOAG6YO5e/aJ13M9mQWb1u3Bs9wvcAgnrAogc40gmd/c6tvtFaFS9y+YaNWglr3AIRD6Hrcmb4gK5g6Hq0FTsqJeDmfY8R/cr3TEV6jP/y/aV7+cAHP2VF6CTx7BZ0NlDr4Nx+1TugByQM+89XAF5JIjpBHN0v6ItT8OFFJYxkOwhF/UI/eGCXlHIZjJn9r9CF8UZkFgEMqULIKTrmyjnFAhZAzsgGNiz5cM5cFfB5McLZ9hM5ijGj7xNT3KbYU0Kcg2EaD23QDhwubUIhf3fz4459NvNvyTpcQ5PfLAhmkMgJK29txsgn4dwCqTgp6fYX0sXGsL+hwz60C/ZFIQkf8/fPIU7ICSdVYZ0DYMonFsgmg2PcvEqehM7IBiE2AZ0kr9nRz3GHRDSOFQEdw/kpWBOgaStmcTJDyDYNhSH4IUi8EJRPRXWIFFZax+OMkRPiWJznValo94KiYKxQV1rSgg390MV/vxMVMpXD0Q1adhfU/hPtIQhDGEIQxjC8LHxGx0170Nic/ofAAAAAElFTkSuQmCC');

INSERT INTO `electro956_db`.`UserImage`
(`userID`,
`userImageSmall`,
`userImageLarge`)
VALUES
('zUYRqcXpX3E4nconvtaPwUMjKCxf18IL', -- male
'data:image/png;base64,iVBORw0KGgoAAAANSUhEUgAAADIAAAAyCAYAAAAeP4ixAAAH5klEQVR42u2Ze1CU1xnGNWmbmE6nnWk7k/SPXpJpO1Mzk2lr25gxLZOECoskaSvVDi4QE4ymQXdBg1alGIwGa1pxFwsaLrFYkg0gCIqbQFBhd9kruuBlZW8CLjcvwdty2316zoFd92Nhd7m4u3/0m3lmdg/fd87zO+9533P2Y968/1/eF87HfQ2KpB9Cxn8BslWvQZGQCgV/LVEsGhN+ghMpj4Q3gCrpccgTNkPOVxMNEGES3SPSQr5qAxqSvhVeAGSGxwH6pjA/lS4RvQ7NmsdCD0FmlZipnSYAVzK+AbLEp0IHgXnziZECIuesQKgUCQpI+V8PDUhT/LPExMisIdyRSVgeqmgcnjMIFhV+WfBB5HELyOC9cwoi57fjXJCXF5oSF3JMaNKB5jenMftJgHojeSbZs/0mmhK+H2QQPu++qUTg8knAeAa4WAa05gFn9wC6HYA2g2j72OeW3YB+P3C+ZOx+k3Ks7T7IKJrjfxZcEBmf7zagEhJTzYBZM30ZqieW4qeDC6JYtc49eFvhzCCoaFTUm0IJkrCCDaxMIUtKNnMQqvPFLhAHzb3Q5Ehb8ewgWFQUrqS/RQ+bwQGwNDwKkzYbF8oq2eDUxGxBqGhxaE6+i/ZTR2HSxAQBRPssGXgUxkZSiTLnBoLqUjnJlTTyWUW/Nz94ELPut2QgJ6tSbYfmDoROzNm9ru/6Bw9i1TxBBuqDWU1msXLuQFylmH1W5wcpTzS7xmbxzCSG1LMFugGjOjglGJ3yBSRX1sCsrfI04TDIMNxSSwrAjGDsrIhYdYuDf3A0655hie8JcvYkgTkJZ7tyuiAKaDRfDdEPK8wnBi5wk1aFIU0NBhXlGDn3GZyX5QHuJZrNof2pa1GvJEaGJ+bJaFsDBlWVsMskGGyuwLD2OAMbaa2H0+gVLRMuKr8dWhDgIWIkzRtGw3KFRoRCUYDRti/gNHhFyAyr+ufh8RYFkodJJVtLTN2ZZl60ol21cF64XTDpXiTmugODUB+DRfV42L6kG9TVvOy4cNrHDq7CqP5zM+SSBWH9tnFQWR5jl3/KkpuWY9ee4qQA50kBUB6FXVFmQEPDo+H92nTYnjxsUIDCUA2pqkg5rmaVy1XBHL2WAVIkvhG2EDvrb/6g7/bIGYwMwWHSYFhXy/YTBqCsxIi+Ds5eE+hV3Xb7r5kNlnCKCuYvFYh/8XahvHhXXf9dhfUeM4rBO4C1Zezs5Tqy2C4BTgf7c86Z605yf8f6IkVqbFr+d0JmPy5O8jBPKFrEE+ZKXv1b0d2/11wBMYbai7fhvm71EwDtGESHHhgeZM33hh34R8M1dv+2o0Ys25TXES0UZywV5D8RNIDMzMyHYtbnPE0GPkI0FC3MhaBYzUxRfdwyACc8rmsdgEUH3P3S3dRzawTZ9f3uZ5JFdSB9UXVFp4q2vpSe/80HChH5juh7PIE4jwxoHx8Y8e9X4L3Pet2mDipuYNThgUKW0lC31RMNxv4h9/1U79ba8MqWAhcMlTVaIF4dkZn5lTkFiE7Z/0h0qngdGeCax2BkSeRje5WFY4oumcGRcRCnE60lH6I8LhJ3ervdIJpOO+cZqg3FKvBScz1hnERNvA3i38wJRIzwwJNk+ZwgnTo8IajeOtjoZYjq5r1RZrj9eAWKFv8UBYt+hOrVy2H/8gZrr2+/4/XMThLVFVkfY+IYRANRQvG2iMyimVe4mLQDv2Rh9u4cL6cfQsYx66QgputDsNvtaPn0CAp+9SQDKV22BDaTkQTJiQr9La9n3vu8j0xM02QgLDqksJTPCCZ2Tf5jpAPDFB2PL608vJ4jJcvLzDElMw6gp6cHV7u6UJW8koGoSwpgs9lw7fp1FCpvcgA2HjmHFe+SaHCXlpd4QnHWtEHIDLw2vk7hT8s25rHKQ01RcxJNLzNtu3oVx9b8hYFoJSWsrfOqDbvHK1ZGtZUB8PwAeKhvWnsO3SPIQ/WBdE5N8LMryTK7n/SFij5muuvKFXzyxxcYSGPO+6zNYO3mRuO/5/CHrcWBgoBUTX7gy4pQe5bYqRT7zkGsL1Jyyi/Vvxv72Mx3kJz46PmFDES6JYWB6IzdXvmx40QXEvdW+11a4wr8v1q8VNGfApmdP+8odS8nT+071QdLpw1GrZpBUFUkvMJAmi72TFog0iUXwEs7EAiINeANk5TbfYGGmi6Niaborn35Sjf0x4+6QUpjl6DTYsZJ/eQg/D1VgS6vUXq28wtBd9NooUjhq7Pfp/zT/Xll1idsD5hoTG/qhuKQyA1yOOIZmPVnUa71vncrOW+5ohG1YT/p/19+qpdobSC7+HfJzf2+OnpxbTYn2TeVtnqZazb0oD5rsxuk8NdP4VLTaRxunrAUydJM3Fvj7o+CePY/hYr95wc5EvjsRCBCxBtZnLb43eVeuVLX1oPqdfFuEFaCy0qRL+PeR0+/MR65QUEi3tjpD6SN/nzwCRIlzH3LVydL1+/D71bv4LRRIzRZPQ1WqrsgWR7JAWnYtwc5p7nRSPqghtMXBXk+KcMfyA16gPWzEeZ+6KuTyLc/wJLE7V7t9BS8q+7+bH9UdxklkYs4IMfSBcj+ghsNejqYCPJc/GZ/II4ogSjCd0RSxWKS7NKp9NK6PdLn4rd4tfM25km3VZqkZJaZRJV6adHiH0sJgFv/SVzp/jvVmwdOefUTJciRLl6RKvXlgY2XKl42mf//AYxLxllhbOyjAAAAAElFTkSuQmCC',
'data:image/png;base64,iVBORw0KGgoAAAANSUhEUgAAAGQAAABkCAYAAABw4pVUAAAS4klEQVR42u2dCVhTZ7rHnU7bmXZm7tyZZ3rvc5fn3jqd22Vue287ter0Vut0FFlKXUZaqyzXpXi1LglE3DUuaF1RkkCpigsVEUVFEQUEypKwBZB9JyyyY90KhEB47/udLOSQnORAwtIk53n+jzY5nPN97++837t8pzhpkv2wH/bDCg6IdPspxK77GUi9X4T05b8CqduvtSrw+AVI3F7A754DmPQTu7VGAwDwn4HUZS+BxPMdyPBwBYkHBxWAf78CEvcU/HuJWkWom3heOGS478LvPod0zw8g1f2fgM9/xm5Jc0GUuD2vgoDGzfC4hcYuRj1BAUv1omQIJg5/fi+Il7xtt+pIvEH6+e8QxMeou2jQTrVhwUwpUK2o85C+dDpZ8uzWNgWDrP1ij8UIIgYN120BCEx6jF63FbI8XyXxyG55gzA8/wUlQCAdowhCV12oXLxfEEj+93U7AQ0IDLYg9vwzwihEAynHCIauBlQPgfseiPP4hR1GuvsMDLj3xgGEfowRe/jZNBRI8ZiMhkgcJ8/QF/EUsfsym4wrVHEn8QieECDoKkCvfc0Wg/hU1KMJCARwCfWzLRik5SH2DJ0wS5W+SmyqToFMzw9w0rUTFAZQ3QCxl4PtxI4MLy5Oum8CAyFV/U4b8Y6lf4eTvTOBYWjiyBXSSbYBIJ//44QN5vQUOA2yPCZbP5AsLAQZDeGp1lgY3eS9yiHdY4r1AxF7rGc0Qt4egOLTALlbAbJWjwIcvF7WGgDpJvV9thk7vwXH+pEtADnIaISikwC1OQDVaQDlV/G/vwHI348G3KwG5DXMOLACf24tGn4XXucgQjilum51quo+RSF4zjLm5mOG+yc2UBB6nDNogExvgLIraCipjtBoNRI0YApAVSJAZTwa9DpA6YVBFSPEwiD6Z2UReO4dVAL+XJIKMLkOuZ7u9cn1iMcwx5HF1g+E2nY1MHmyjFQlDwEyBsr3t3EgEo8sg2t7wXE0UPbYAyFLmI0DKTC4XJHlY6xhEJHlTLrFDoSme4fGB4YmTpGMy1Bwtw0gS+lVeuYqgIqb4wgEVRELkL3BVoO6e9hgWuqlih01GeMLhIiMg1739GICstC2gGStU6Wn4w2DSoHvqB4QmysMJR4HtJOmMquciQGEjENKq9zryTaBdUKozPk9yHI/g5rchZDDC1AtV8ux7rg7QWCoVfLtYDcgY0U1FJ/l4uduUJv335Cc/Kx1wKjLmoyTuowaQMmhJKxFVQhiqlmTObGAVMZhcF+vApKzSYFVfh9+3g8yqRSqc960DiC1ue44qaeDGc1N1YQLReNTCBoTaa/kH1A3Ovnqdgv1HT5MuVt//DCk0uegJodPL8RSMNVdCVB2aWLB0IiqSXA5vXdkaIyJ+PEDqar6GcaNg3qVcY4fQPm1iQmkPFrVISZg6N/FW8eSJctZRa3DussCya4qb09MINQDsxGX1mj657LcY1YS1HOccEItg0AwkBefUQXQiQiE6gB/heMUD4kvuUutA0hV5r/ihNIHJ4eBvCxqYgMpjx76WS3USN+ynjqkJmc5Tqp3ML1MUG04TVQgdPVgQPeHZumL1gOkUfICTurGoPtnqcRqTR/31DgNqqSvWF+13iB9Bdfhr3GCDahWqkg0YoiBqkxQ5MWCIv/2WENRqsfXjLoJdblvAID1/t+8IMt4Geoz/4iTjWOEgQAIjN7saOgvTkJvGtN+Vz1W5tNAlv8ySdsn2cqBQXI/LR3WkbIsDfqLEqGvIAHkmVH4Z/xYesl1qJD+bpKtHZjXT8fJdxlerrIoAAOVGdCLoadHchn/jAZlaQp6T9ZowujDB8XHqpcoRiAlJc+jAUpNGUlZng7yrOvQI46kwChyb0F/yXejBaYOanNnTLLVAw2wl42hCBQSTygoKHnGFcpz+goT0IskltxTibeq9Hb4QHJeY+MlmkDfX3QXveUaQrmshUMByrxGZWMk7pD4oywXU6AGqjJUYudN3VCd4zTJlg+qGyyTeqExOtk+xcRbiGf0Zqtiiy4YzbImz7xKLXPEi3qlMdTPmLjuD6gjAJH2XyIAsuSfY4D3Zgrwhvctcqg6hXhCH3oNiSvEc+QZUVpRSxpmZ8oKsam0mdRDp2wys2KEkpz8LC5fa9EwbWNchZOH4DA0Sn5rp6Cfdf0SK/llw1m+zFQ3KhDqC39jt75xT/kEDVXGVDRaSJ1Yb6whPTa71U1BAXgGoUxFb4kdBRADCKIE6qxkb2NMwZC3VWTSC2hEhQXfvUqBmrwpJLuzW3iEaXF/SdJp0kIxBwRpxfSXpWRCVepLdquaeXSLI4NICkvaJVAzzAYjprvKinRQYC0il0TeAGnkr+0WtQAQTbuE1Buk/jDdjlfVKaQOUVX2kdBtB2KZQy6NCdKtyCkw9+KoFoleS6Q6myoE+wrvUsXhYAWP1bs05hZIE+xAzMy4XlA+6TyvKErWa5HIM65SbRHiBX2Fqr0TTcU+tNfVmxcLyo6GXHjyxF6NmwnkDyjJQNdj6CtNoXpUer0rYnzKgy4bgBYFivw4GHjYDDCgVOC1JtutasbxRN7vikZ8BAMDAE87VVu7+be1cYFJFAjiFbisQUcdaI6n3f2L7VYdwbE/tuWl/Xc7VsWUPs3XWlPZD/DgvjpzElOt9t6cm+gdV7RdXrJnQjUUqfiCGVlLJUBfr/YSt0qfFvnf7dhzIPnhy3Yrmzhm8c/83NU35HW/S0X7EUY1SnE+5xE8kSu1BqU8pbUKA3iuNq3VkybAN5UCKLpB97iQ+wjwuv2orv0J7YId1yunzeef+Xu79Wkg+M8684TTnLnCQ5/tDi/bFdOgRIMRw8GpzIfQ8UM/zajQi0ZuKjOe9tahY3U9gqGHMP0BaK5NtOOG7P6iXWGhzr7COa7eIS/aNAg3t8ifOvsIX0UQJ5y4wqqPN4Yo15/JBv+Edq3BROnfQ/1DxRCzopd0o7HrCwzDkKH3UEF8gPZTj3uUcCKVDoTc6wtBghLvf9+JI4pw4gZ96MbnP4/phO285DBrjeiXjhzBLGdO4FE0xBMUOPuIYHnAbdh7p4VmsGPfdUJ5Wy8YPH54oPIEGhCE0dlAMiq901ue9EFACh0IEf9WIyzaGQZkHKheJ44wHh+SeXO5p6x7j4TP5z/jwjvxphNXdNyJK2hWG4DSvC2nYecNmZ6xvkrsgHtNPYaBEKM/aESPyNOJG2W0IK57ELBHEPDQexAvWXtKAh/zvgadMT109hGEO3KFC8iSal1LEy4BjpyAl504gQH45NXiZBW6MFx8g2DtSbGeoTRKqemC/gHDTCjjt1WrYDQUAfQ8AaYju6EbDiV1GrzH7tj7sORAlC4QIrKUPXDmiiLncoR/sooY47gh6DV8yrbjxOqHTBY0S5Xn4RuUQZiAYKoKCkYiBIocoLmCqlOo+MJwJFX9QHkc0302Xy4DjGNgaJyoTvTsYCef4Hfe9Q557kcZJ5y5giU4kXRqXTY8SZi/JRT8IooZjUR0Me8x9CiMACHxISsFlAo54/dK/PGYkqdG70OWLq8jN5mAqDzGR1CEf+50WR3049j2JW7t4nviXRz0XVQ3aoBpgsQ7/i84hZZVGVKw+Ht4KlcaNHS/vAcKzgZDuMN7kH8yEPp6ug2e16VQQuS9x0bvQ7TtahX8bcd5Y1BAveQWOHJEC102T2Awc/wE/4xP0B7MUppMTIjSp7vDYc/tZpNGOpzcCY969IEo+/qgIjoSwh2nwekpk+H8zLeg4nqEQSAPu/shTPrI5L3849tgdUgquPCCgcUcHmJ8CXPyDfzjRGsB/gSXpykYK26rvcLkZFz9vgFuWK5JA2lEUtahR0NqIlxUw9AowuV96vOhR/vTfqrIZHMvfkwDLNr1LRsgRAOYqGQ5+gjc3PiRz487ik/8Tv8Ki7stJBthOQFwxqzKW5QI++JbWQMpaaXHh+bcLAifO5UGQyMCqT4tCevCwbhT970Cjqc+YH2/jRcLMfsLZgtFLVGw64aQfxu3opIsUY4c4dGhaawpkadv58061sYhktQNxobe3l4sPaRwaeFHBoF86zAFimKugrxnsH6pbO+Fg4mdrO9HClT3r64NEwjagSOMduaIxv5fgnPgBf8DDiAUJR/moGH+1lDwCcunUl1TAV2j6GJVfdGHcaO9vR2am5pAGn4Wzkx/lQYjdOorcJe/Ee7X1UFHRwcoFAqqg5J/v4fVfch4CAy/iCJw418YLhCiPlzCyhzWCsZ23wVvvHsEg6VlWKRdsS40g6rQTYEhAZnA6OzshObmZkqNtTUQt3kthL73ey2QyEWzQVZcqD2HQJHLe+G76i7TseNWI2w4kw1L9l8ZwXJFF8bT63O5x8am9UKKPaoZZ8aAB6v0YPhsbwSmv99RwZTJWIK0TmhofQAtLS1aYzc3N0FuZBicm/mmFkjSvq0636vU2t4Bl/OZM6w9t5tg3elMWHrg6tD2iTn6HgO9O3+0/3VR0tfBdTIAb9hvoYFrA/3C7edgVVAS7Iiu1fOYo8kdkFPZqmfsrLMh6CGvaIEk7PTVO6fhfjMcSdYHsSumHtafycKYFsY2zR2ubjmtC3xp9L3DR5g9CoPXeoy38C7si6NnYIeTOiCtjA6kqbER0o4foMWQq17z9YDUNrYY9AwCg3QKRmsuqK653MAZo11vkHZI12hMYP6W0/DlN+kG+1oHEzsgoYgOpFFWC/HbODQg4U7T9YAU1RoGsjeuBXgXCoZTc4wklhwa1bYIaUlbetCkoUdSTEPtd11dz2ujGbq+qhKiv1hMA3J+1n+BrKSIdp6k3Hi9Q7oFKwUJMG/zKctD4QirSV9vVICQrIGpaztSLdh2Fr48KTba7dUoUtoGDU2Dhq4rK9WrRc7N+E8oTY6nAUksNl2AkiWSF14An/LDLQ3lkfMG4ZxRAhI4Q71HYJHBfr4vErZcqcCKvY1VjXAhuw1kjTqxofAenHn/NRqQs//zBuRHXaQBic5vY10Qbr9eA8sCbpud9uoWi7iq8EeleseL+1syeJOgup9lYUi98CBph4r6wbS3LDVJr0oPnfYfkHrMnwaEgBxOV2BjeCF8sumkJZetaItvB3t7hzyH2VWKJd35090X9bIpYwpKa4cS2SCQ3Ihz+q0TLBITdnBpQE5L2ofRMmmGZcdiqcLVYik9V3jPYX2wZX+jqQtH9AZevMaitQdOmnuefcf3eEoHFNQMAhma8moUs9aLquLJOdUNzfB1OnsgZAmdv/WMpePI47mcIBfL1h9c4QK8cMeI0z+OwODni/deYhXQNamvtGoQyJ1NawwCuea1AGoK8qlzStGjRGnsgaw4EccwB4F5UHxE28hrT5aLHz6CbaRxNtIBOaw9xrgvwjknZW0wsU5xGOXuahDIZTcHqMxIp87Jr26BEynsrr3rZr3B2DF3wwmY8+VRM5ctUaTqfS9LLFebg36jeols5AP6yxf7GL9b4n/FaB9LV3Hq4rChugoi5s003H6f/S4UxkZra5CjyR2sdgpXBiaQPQ39h2ldAHy06itzl637DrzDlvl32h14gsl4QYk5A5q5jM/o9iTj8gnLYwXkmro4JB5wYchuoTb1ff91yLsSTp2XXNIKh5JMX3drVAXjXjoBMmvlXnDcEGgelHWBlvk1gS6+QeSlhTZzBvOB53ZM/5jXYRJL2ACJyGlXtUNu34Cwv/7JIBCijJMCaGq6D3cKWRSF6B2rgpIxyQhiBEIeqLnrj5uX6nOFXpaJH5zAReZmGtMX8xgDOzVYXrDJ14GoN1AwY2oiXd5zIVRVzgQkae8WqK+rp9otbIpB8uYkY/xDIOSBclh3zMyOtkhkESDOXMEBsxpsGBSnfepjFAhmIeB1NIaqA4wZj8QDAoQUf6HT/sAIJJazEmprZFS7xRSQVaIk4wkJAnl/6WazAzt5Ncoir6Ui2QRzBkImNNWNYxyI+v3ejReLTBqwoaGB2vdggqHaOZwDFeVVcDbDeMpL9l4Wbj9rcvzEw2evOWxm6isocvYV/rv5G1JcYas5A5m9+hBMWbjOJBAi8lopaYsbM2JBQRlV/BkDEvaXt6GkuMJoUUhihzd6B9kcMwWEePhHqw6Y6SGCZhdfwVzzCkLykvQIXmTQFZnIuwu+ZAWEtOJJxmMMSJo4nyr+jAEhysuQQmBqu9HYwWYvRAPkwxV7zF2yuh25ojXmZVg+AndzCkJVDeIP78xbjS5/hNX5nkduGu0Ax9xKg4uuM0wCSY66DgeMxQ4qsxKxBvKB5zYLtFFEx8n/umdGhS4MNLfl/uHy3fC2qzfrNZhsFPldKmFuw1+Mh3MfvmUSSNTxIOYmIi6L5HUktjGQAPnzEj+LdH7N2md39hF+jFR9sYbgjVQzV+zhve26ijd7zSFW57v4iHhrvknn7U/sMKjQ0Bu8U+9NNq1t+xivseVqJevxO6wP4CEQ3rTFPjxz7EBE3kSZvSmE9W+T+H/uqdo/AahU6gAAAABJRU5ErkJggg==');

INSERT INTO `electro956_db`.`UserImage`
(`userID`,
`userImageSmall`,
`userImageLarge`)
VALUES
('xRgkwBC9f0MXTgpb5nrNpRevaMYRlKpH', -- male
'data:image/png;base64,iVBORw0KGgoAAAANSUhEUgAAADIAAAAyCAYAAAAeP4ixAAAFxklEQVR42u2Za2xTZRjHEVG5BBMvn0BMRGMi+oFEdAWVcBEVTQRp61BQxA8gHRARRKQtHIiCoGiUGS6bYyiXUQgwxjbGuhXH6Lqe0w6GG6PtOhyDCTJg4MRtrH+f93Rj7U63dfP0tB9s8k/POT15nv/vvM97OW/79Pn/0/nHukg7oHDpm4PZscC98zBvVH/IG9TrbdyM+4UV08YLBk2qYFSvsnDj+jmN2tG8Xr3FqZ82NmqGwXF9+RXaSWTsK4ch/ineqHlf0GuO0nmNoFfPou8dpAbBoD3t0Ks3CgZ1OZ3/ScbVDoN2gqDXHqHzFrpebeW0D0YFgufUw8lgERlBq8Gr/mNRN0m+1mNfwDFTCd3vCTgHPYAvowLhXDl9CBnwBpr5L+INGi4qIKyU5IJobdGd0QKxyQnC6zXmqHRw6tCV8raIpkBxEHEINWguyApi1JQpDlK67N0HKPlFeUHUZxUHseunD6PkdW0mTq35AFWpHGoPbsTlzK1BunR4M2oPBF+vPZgIb4oRJatnxgZIyeoZuHJ0G3weO+AVeqwWVxFqTBvgWBEfPZCTX7xX95c9o1cAHVWXux3CynjlQRwrtU9cyUm5IQdEm6p3rb2qOMilrNTHW9y2ejlBmssL6uF236fsPFJlH0nJG+UEId2Cix+uLIjHPkZmCKYmVDpHKQMA9KWES+DlD0UApAVVwi6KvR7nrQMiC1LtHCImlB+ig/hJkQU5bx0aeQhSlf21yIIIwj2UqCjCIBdQU/xQ5PsJdUhKdjlCEH9TWWmUG7X+ODWIEiYGmajkcbvMIn73rpyENYq0hATmnDA+aN1UXoAmZxbBHOsNSKNiQ68EpKJwMBmoCDTk8xSj0Z4u6vZv1DrhLyadKCu7N3pbQZWO2RJTrMRO5+Ef237csu5FI005zSdzxGustXwua0eIZngdb0d1E44myLvIyGLS7VBP2nfWKrZMc2kuyYyWMwXS2dzrmMnixMSuIqr4KWTqSg/7RS31i4kxt0WKc8WP0UhmDg/CkQ637ZGY3e9tKNw3qqkkGz63LSQAu97kyERDYfqQmN64bnKmj2IdnIkBtVQcJ/PF1DeOi+f+3/ahwRnjICi3qXz0Hs7mE9H0CVO7GJyTWstFrVUmPBqbAGkWFdLykpCWX49jhTQE+8uIzfRsxBKHXZpjxBLLPQ66rw578hNhsoyMvvlxXD+MTngL35p4MuYj4Y7MZNbToY947kAEa90uK16YPxl9uL7KAjw7ZyDi5iVApXORgFc+BVKypQYDYdy0/jpSIL0n6TAw8ROIcVS6U1DNm4WntfdGHkClW0Q635q4XdNXAztypUazyXwFQWSFgGD3TzNCEkuV8DtpHiYvkHcjgm1YUwvMpiTV0qQBmv+91OwvZHZ5khRydx4wZwO6jDdaV0nf8bKUHMZ89AwFO9FlwjaNmQ+s2t5uNiULmGpob7FtAeVn+ImMJiCsuCqdGc8nPNl7CPY0VLobYSbza+xC4MeDQOIB4PXPgn97YxmwNQP4bi/w0kL0KG6c7hriEqb0HCJu7ggKUN+jZG16lTr/uI9D/zaBOvbLi9GruCrddTynG9YzkN35ydiUDnxO9T1F39vE8ogNCMuTgc2HqCzzvgkf4uecQVTHN4I65rKtoLFeWYAXFwBcKuUPGkCqkZExMDyQPZapkgmOaekW5SDYQKBPlo6CTHvM48NcbuRvCRlge45/8lMChA0UoeYlv9Z1D7HN0p/qsLSTAMDsdcqAzN2ATj2k5RfBZLq7a5CT1qGwFDZh/7HQQZZsUgaks7ISSyv/Kkx5Q7sG8fKaO4u8UlqtFpwA0n9tD8I6nxIga3cGGgcOkwe2qnbSK4CLljwex4RuQISvQ76anrEDVivwQ5oyIEn7/Q+xxOZfcEp3arju/jLoel83O1MZEPOR7nbrszsHabw5Atdrr+PaRXQqtwtIzoy8aqrQpY9rtRfowffvyPAvROpnM/GdAUQAAAAASUVORK5CYII=',
'data:image/png;base64,iVBORw0KGgoAAAANSUhEUgAAAGQAAABkCAYAAABw4pVUAAANJ0lEQVR42u2dC3QTVRrH6wPxcVbPurvuUdezuy7KcT0e3VVpCoqKrIou6LYN4Loou7BoG6qggtgkNCCiyLJKBZWHApZHCdAWKoWWNmmlz2SStrS1lDYpKL7AgluVpunjv9+dSeiDtJk8WtKZzDn/M9DJTO79fvd+33fv3JlERIS38BbeZLDp9cqLKjXK35vUsaO5ROVjXGL0te5jlS9Pu8KsVo7i1MoFnCbWaNbEppTqnrrSfZzTTbzcpI2+26yOieHPnzVrWNiiIjbzgpgbTdqYW4266ZeeNSYZz6KJ/SsZei0Z2kz74/T/fGvS1OtqdMpLeDja2DT6+1FSM2lpd1hWdcxdnCZmC6eOaaRjHaQdhfMn/UzWhmYtmNMqbyPDPGHRxt7LrZk1jLX4ct3U35Fxo8lYG+jY52Qsh1kb+3axTnm1RR2tMGuUak4da6O/w6VjpMXcwugH6LwkOlbvMjJJabFqJo/nIb6ivIqHqI3V07Gfup1/wqyJGS9bEPXJE4aTgaeSsdLJOLXMaAwIGXqkRTt5mUWjNJGRznQzWDYZ7FH67MpuLZr9vY3EkTbRsQwXCPc5HXTNLC5xyp9Zz6JrT2K9gNTU7TNubWQNQXYgeMOoldPIANWkTpcxvrVoYpYwd0P/dnowloOMXUP7Vg/H2lyCBx0jCDNYzyJQx/v4DNMZ5r5kB4P5dd7VnNtCv+8DRKDqD1Z3VVaoldfLCgbz3VTx5D5a+fmW1Zo06Tp5ZUl8vIg9FYIwmH6wJClHyCpuUKXtIQqDl1UdPVY2QKzqyWO7BfCQFI1xJssnfrDxQYgDISXICcimEIcBinGvyweIWrk/DCRUYOgmXk5ADGEgIbKZ1FNvcE2DhDYQTWxKGEhoKTMMJAzkPIzQNcqRnEZZEQYSMj0kdjSniWnwZpDK159B9fJncfjdOahb/aJX1a58HjUr4mif0OdnDq+aS9echYrXptF3KMNAvAEpf+0fsH2oxcl96/FDSTrOWPbBWZ2Pts8+9arWQwa0WLNpn9fnZ5w1BTjDZaG5aBe+zXwfh5PnwJI0JQykBxCtklr2c/hm92q01xYCdm5QxaA3rEtE+aK/h4EwMZfEjNLZYBp0GG6xhnAiax25yenyBWJNmorGjTrelZwvEL31Y1kmqpbNlCeQutUvobXKEDIweNnMOJWbwicU8gGiVd5XvuSpRgcF35CC4VInQfk6411YdU/WyQIIW8rzxfblJ0IRhlssY6MU+pgsgNjXL5zoqMz9OpSBMJ0ybJEHEBwpGgsb1xjqQCjr+wqfW6W/0AF2y2SqcFOoAyF9hwbzGOkDsXHxVNnWIQDke9jNk2TQQ7iXhgAMph9gMz0VBhI6cpB7nSdNCF8UX41GyyNoND9OLuudIQOkkVsKm/VB2j+BBssIABdIAcZl1PXfoAo2u2JH0xAB0kH63FVeJykH9dwfJBDES28Suv+QgNC/Gs3zJRAzzH+RBAweiOXDMJCQkmmjBFxW2c2SAWLjFklhIHgV9ZJcCQA5SS5LMfSBQH8R5fMqqlDLEAeyA3XcL6UxDqGKUE/ZQJVqH5rBnKumccidEhuhW39LUNKHIIwGHDVPkOaI3Wi8GEctt1BMeZoq2+l9CrwMHYeLANoPMogm2MwxaOAewDeVV0h/PqvReClV+lS/MI6UwGnZi7bK7PMB5FPYS38dIaeNKr25P6MwGK3mPfyewRnkKRMNOG6YzIDwbstz76gvRXu1AR21B+EoTUOrKYP/P1sVMghATqDe/HiE3DYCMpKCvMXrIraafDhKdqGlSA9HWTqBMVKPKR7IIJ4nO3fFA6FgSZV/z+Ui+odCEBwlaTyUluIdBCYDbRXZFPALg91r2iUxGvcbSoN5DBlB1IIH5sbayvfxLowH45KjdBec1qyzLq6jroj/LMvQ/IB1FA1F18gXiDCK/7cvKwtZr2C9w+3GesAp2UmA0inm7KaEIBOt3CeuTC2Hh+Tl+qfJjc6IkPvGshlyXS/wwdTHZZ88nEMH0OrKyBwU/Jk7Y3JnaO1VeWJ6yhFqGBMBXBgR3s7Gk+f4hQV+rsllLoqlxyzg82I9QpzL+pa/RUC9NUyiN5ijptFkoHIxgT4IcvKz0FKbowpuTMGFsFtvh82SJWZqJUBtZvNrYauLzsA4rWuRQTDBsGsdZsEb9fXDw1b2BQgZjF86ZOdKggeEXNRR85/YJGfYwn5ujhJ9HJ+2BjCf1UljE6d1H5xlu+8KWzRQIEX6ODY6F+azjD4N9thzi/wovyydH6f8VLgzDCQoQLoP/th8VlWu0GM8wWEpMB1ro/EHGyR2PzcMJAibs+pAXO/pEh4M9RjmhtprjLxLYlMm7N9sGoUNDHt/no3enda9YSABB3cbF8cGfW2Hcs+6HvHa4ZohNgDssWubNQwk8KmV0gVud8R6QVtFjsd5rHN6EPUqPhmoc03VN5B7s5aMD1vUVwBZWcOhz/0jUvPmINVownaDE8ZCoK5bvLCZzronfg6LzV2ZMvgJRWf5fnR8VtAzvnxGvWPfp0CqoZ10gK47E1tyboI+PF3SP4yteePIYB+QqkmdJPDSU3aVdxCo7x3E3XNYxcI8lqd77zbODaO7Wgm4lfQfuvYdknjMIGgQHp5zLd7eqSIjWUgdvQzXU8ywtT68gqOrZ/SvbYYiLN82AxMSfiVfEPfE/RyKuAQoVAbMeOtHbMr2brjtpGyRUGpdMLYbvF93/V7gydeaEaXKQ1TcE4iae5k8INyqvASRcXdCEa9DZPxp2oPXaBUQ/w6w+YB344npKVXkujLyxV0rJQeY/ibOlkXQEdJcRD57E+7XSXOahSp4C+l9RMXbaN/eywDA2OeBJSnijJjaT085RDAyC8RfJ3EdcE8CzimPIr6NGk057ZcgcqY0Fj2wrk+tfyxVagPpew+V7qlxLwIr9OTT88QZkxm+slsgrygFdhrFncu+Y/Em4Tu9lUsR30xaTY1p9JDtMRgTN5LvEYr44yIqLCiKXNeURcCaTPEtfDe5pmqTAGaPDz2DfcdjCyC6bIr4DpKdtAx3x98wNCDcOWsYRiXcToZdRQVv8aGyPTVtKfBxjnjjfrRXkOjP7wOUOvhdPoWqiXrLctII6HSheR+eUsbhVNj5pDqPMcIXsSC/YK044763G4hNop61GFibKS6IqyiBGDMbAZVRqKOJoMzG/V2/FHf+QTz08hVUsCmkQ6TOACvZpQfmAgs3AFtzPRt2S64QA8a/1HXOo68AK3f1HYO20t/nrxESiGCVkykyvhijZj983tNljFL9grpvMhXqu6BW0C3m41elezbuol4w3DGInfN6imcoDNaDL2IAysoa4peIVC0lt3354IOI0F1IreIhKoQlqL3CkyYmCj7fbdSN+6mVf9C/y2HHXl3bc1zDwPoWxP3tLQXkcqOgHMSf3OO/UBFfP+CVc7d61UrBuCzQz1oB3CvC5dw/B3hljXAeA8oGfyw2DXyZWQOtQtTs2wbLTd1Mo+2KQYHhFhu4zSYoUxf7nhw8/Qbw7AoMankFmRCZcOXAp7UKlYa+zDHoFWRuKErlf9Y26EBUrVDEzRxYIPoDt1F2Y+P9MUtLmRtgfjnwFHLoi/Xix14F/rlMyA7f5ZOREuzKvXHggGwzqlw3ebpSz9UZQOJ6YJKaWrBMYfxNK6TgbEy0tUd29z+k5ikHBgZ7gjbVUNnngIvBYTl+71RUqopypeX9jZWEey1bsTkr+LEEqQW3CHfa+hkFMyiexgdS1AQvg9AufYnNxt8MAJDchV7v6Ln1Xz1w3wvShfHQywIMsXNn24zTgwuDuhxdeK/4AuQJ4wUpwmAJzNzVgjcQa49Uw5YgZ1e5URScjvhQACA5DXhkvvSAPE7Jy9pP4JMtUg3HkJZ9TRDdleFp0o8+FYLNqrIUUGpA2CBT7A20Lp1kK2qC1DuKL+OXy/hWANft0fXipjmGUmb11jb4YQuWDC0MDpCPs6+hi+X6BYQVftxcCQGhEb+Y1TGelRqU9Bf7jSOwJ78Jej8KsY587cPzJJRdzfMXBvh1Z1sNtwYOpMH0CGpMAFcC5B4E0oziC8EykUcXSAcIuzPpL5AdxpPYUxB4HIGdSz5naWZFGWAoBD4p8L7KI1orHSD/WibW+MLiixxqwIVFwgIMG/8elecCfhYedkt+H2/oBA6bgfJS4GBR32uhnnlDOkDi3u4bAmuYbAFfSbFgE+ZVGs6x29qAXvvEvyvRzon/NRy2cK20WGgZ6fnCMk4pAWFzdaxOu4xCA2QunAGoNol9zawdlQG8oQ4NlnHCO0B8fNCSPYvBlnOWUdyZlywdIIvXC3ViLog1PpvPD6C2ob7S/3kt1Jt1rhfR+/8o8jsfSQfIqk3B+Gm+GD9h1A+H3ZwS8IP7UgLy0bYgALEs8x0GcAFOH78DX9aacbwGASkljS31l4aMRgRsjy/YT5timK9ALkZHxzy0OVrgbEFAajpNLeMraai5GQHbw9lSRfa9XgyH/wPfSzv1/AVN6wAAAABJRU5ErkJggg==');


 -- Posts
 -- POST 0
INSERT INTO `electro956_db`.`Post`
(`postID`,
`title`,
`content`,
`time`,
`userID`,
`endTime`,
`deleted`,
`spamCount`,
`spam`)
VALUES
('E8e8q8oCC92gnXrzzP1g0cuH6KU3fRI1',
'I am going sking tonight! The moon should be full.',
'Join me for a ski tonight at around Madison.  It will be cross country skiing and is free, so why not?  Bring your own equipment please and plan to dress warm.',
UNIX_TIMESTAMP()+1,
'OQk2wj5CelJhBAU7nZFhFFWQ4I3VkizR',
(UNIX_TIMESTAMP()+60*60*365*24),
'false',
0,
'false');

INSERT INTO `electro956_db`.`PostLocation`
(`postID`,
`latitude`,
`longitude`)
VALUES
('E8e8q8oCC92gnXrzzP1g0cuH6KU3fRI1',
'43.08146049',
'-89.36461394');


-- POST 1
INSERT INTO `electro956_db`.`Post`
(`postID`,
`title`,
`content`,
`time`,
`userID`,
`endTime`,
`deleted`,
`spamCount`,
`spam`)
VALUES
('E6jNSNrylOJwLZyoM3Qb26WJ4yBvjhVW',
'Downtown Madison Rotary Today at 12 Noon',
'Downtown Madison Rotary will have its weekly luncheon today at 12 noon at the Concourse Hotel restaurant.  Please join us.  It is only $8 and you will met lots of new people with similar interests.',
UNIX_TIMESTAMP()+2,
'zUYRqcXpX3E4nconvtaPwUMjKCxf18IL',
(UNIX_TIMESTAMP()+60*60*365*24),
'false',
0,
'false');

INSERT INTO `electro956_db`.`PostLocation`
(`postID`,
`latitude`,
`longitude`)
VALUES
('E6jNSNrylOJwLZyoM3Qb26WJ4yBvjhVW',
'43.07542519',
'-89.37853599');



-- POST 2
INSERT INTO `electro956_db`.`Post`
(`postID`,
`title`,
`content`,
`time`,
`userID`,
`endTime`,
`deleted`,
`spamCount`,
`spam`)
VALUES
('Uq7y4XMPkkAL9Fn5iYnchQH50m5xl2li',
'Join me for morning Yoga and Coffee.',
'I do early morning yoga at 6:00 A.M. every weekday morning at the WestSide YMCA and would love to have a partner. We could help keep each other motivated and share driving. It is great exercise and a wonderful way to start your day.',
UNIX_TIMESTAMP()+3,
'DxqF7mjIvMGibrtFKBts7UZF8F0CpA6D',
(UNIX_TIMESTAMP()+60*60*365*24),
'false',
0,
'false');

INSERT INTO `electro956_db`.`PostLocation`
(`postID`,
`latitude`,
`longitude`)
VALUES
('Uq7y4XMPkkAL9Fn5iYnchQH50m5xl2li',
'43.04310288',
'-89.42093191');




-- POST 3
INSERT INTO `electro956_db`.`Post`
(`postID`,
`title`,
`content`,
`time`,
`userID`,
`endTime`,
`deleted`,
`spamCount`,
`spam`)
VALUES
('xNy95LbDFjkQCIQ0SFZqqcULueYc7jAw',
'Let\'s Talk Tech. Tomorrow',
'Anyone interested in joining a fellow hacker for coffee at the Starbucks at 10 A.M. tomorrow?  I\'ve been hacking for years and am always interested in meeting fellow hackers.',
UNIX_TIMESTAMP()+4,
'gZvTtlPtjGRqeMBaLji3HxoKB5EZCsNL',
(UNIX_TIMESTAMP()+60*60*365*24),
'false',
0,
'false');

INSERT INTO `electro956_db`.`PostLocation`
(`postID`,
`latitude`,
`longitude`)
VALUES
('xNy95LbDFjkQCIQ0SFZqqcULueYc7jAw',
'43.06055779',
'-89.41195049');




-- POST 4
INSERT INTO `electro956_db`.`Post`
(`postID`,
`title`,
`content`,
`time`,
`userID`,
`endTime`,
`deleted`,
`spamCount`,
`spam`)
VALUES
('1Q092ICx4lONjIkw7aN5WgVj1ODvHWww',
'Star Wars and Waffles Tomorrow!',
'Several of us Star Wars buffs will be meeting for breakfast tomorrow at about 9:00 A.M. at the IHOP on University Avenue.  It is really informal at this point but we are trying to start an official club.',
UNIX_TIMESTAMP()+5,
'xRgkwBC9f0MXTgpb5nrNpRevaMYRlKpH',
(UNIX_TIMESTAMP()+60*60*365*24),
'false',
0,
'false');

INSERT INTO `electro956_db`.`PostLocation`
(`postID`,
`latitude`,
`longitude`)
VALUES
('1Q092ICx4lONjIkw7aN5WgVj1ODvHWww',
'43.07414133',
'-89.39169895');